SequenceName	type	date
00-00022	D7	2000-02-03
00-00035	D7	2000-02-10
00-00043	C2	2000-02-21
00-00049	C2	2000-02-18
00-00061	C2	2000-02-24
00-00065	D7	2000-02-28
00-02699	C2	2000-03-04
00-02702	D7	2000-03-07
00-02703	D7	2000-03-07
00-02704	D7	2000-03-07
00-02725	D7	2000-03-08
00-02728	D7	2000-03-08
00-02730	D7	2000-03-09
00-02731	D7	2000-03-09
00-02732	D7	2000-03-09
00-02733	D7	2000-03-09
00-02735	D7	2000-03-08
00-02736	D7	2000-03-08
00-02737	D7	2000-03-09
00-02741	D7	2000-03-07
00-02752	D7	2000-03-13
00-02757	C2	2000-03-14
00-02761	D7	2000-03-20
00-02769	D6	2000-03-20
00-02770	D7	2000-03-20
00-02773	C2	2000-03-23
00-02775	D7	2000-03-27
00-02792	C2	2000-04-03
00-02797	D7	2000-04-06
00-02798	D7	2000-04-06
00-02804	C2	2000-04-06
00-02816	C2	2000-04-13
00-02820	D7	2000-04-13
00-02824	C2	2000-04-17
00-02826	C2	2000-04-18
00-02833	D7	2000-04-18
00-04913	D6	2000-04-26
00-04914	C2	2000-04-26
00-04917	C2	2000-04-25
00-04919	C2	2000-04-26
00-04928	C2	2000-05-02
00-04929	C2	2000-05-01
00-04932	C2	2000-05-02
00-04933	C2	2000-05-02
00-04936	C2	2000-05-05
00-04938	C2	2000-05-04
00-04946	C2	2000-05-09
00-04948	C2	2000-05-11
00-04949	D7	2000-05-12
00-04956	D6	2000-05-18
00-04957	D6	2000-05-18
00-04959	C2	2000-05-19
00-04961	C2	2000-05-22
00-05035	D7	2000-06-13
00-05039	C2	2000-06-15
00-05198	C2	2000-06-21
00-05201	D7	2000-06-22
00-05203	D6	2000-06-21
00-05211	D7	2000-06-29
00-05213	C2	2000-06-30
00-05226	C2	2000-07-06
00-05230	D7	2000-07-11
00-05235	D6	2000-07-16
00-05238	C2	2000-07-18
00-05239	C2	2000-07-20
00-05243	D6	2000-07-23
00-05252	C2	2000-08-03
00-05261	D6	2000-08-09
00-05606	D7	2000-12-05
00-05614	D7	2000-12-13
00-05615	D7	2000-12-13
00-05622	D6	2000-12-25
01-00025	D6	2001-01-15
01-00028	D7	2001-01-15
01-00031	D7	2001-01-18
01-00032	D7	2001-01-17
01-00111	D6	2001-01-30
01-00118	D7	2001-02-01
01-00119	D7	2001-02-01
01-00152	D7	2001-02-06
01-00162	D7	2001-02-07
01-00165	D7	2001-02-08
01-00166	D7	2001-02-12
01-00171	D7	2001-02-14
01-00179	D7	2001-02-23
01-00183	D7	2001-02-26
01-00184	D7	2001-02-27
01-00188	D7	2001-02-27
01-00190	D7	2001-03-05
01-00192	D7	2001-03-05
01-00197	D7	2001-03-05
01-00198	D7	2001-03-06
01-00215	D6	2001-03-08
01-00218	D7	2001-03-07
01-00219	D7	2001-03-07
01-00272	D7	2001-03-19
01-00276	D7	2001-03-22
01-00277	D7	2001-03-21
01-00278	D7	2001-03-21
01-00311	D7	2001-03-23
01-00313	D7	2001-03-24
01-00314	D7	2001-03-27
01-00316	D7	2001-03-27
01-00317	D7	2001-03-27
01-00320	D7	2001-03-26
01-00321	D6	2001-03-28
01-00336	D7	2001-03-30
01-00338	D7	2001-03-29
01-00377	D7	2001-04-04
01-00378	D7	2001-04-03
01-00380	D7	2001-04-05
01-00381	D7	2001-04-05
01-00392	D7	2001-04-11
01-00394	D6	2001-04-11
01-00396	D7	2001-04-12
01-00398	D7	2001-04-09
01-00399	D7	2001-04-13
01-00400	D6	2001-04-13
01-00489	D7	2001-04-18
01-00495	D7	2001-04-20
01-00653	D6	2001-04-24
01-00660	D7	2001-04-23
01-00663	D7	2001-04-27
01-00664	D7	2001-04-27
01-00719	D7	2001-05-02
01-00726	D7	2001-05-02
01-00727	D7	2001-05-04
01-00731	D7	2001-05-07
01-00732	D7	2001-05-04
01-00734	D7	2001-05-06
01-00746	D7	2001-05-07
01-00747	D7	2001-05-09
01-00750	D7	2001-05-09
01-00751	D7	2001-05-07
01-00773	D7	2001-05-09
01-00776	D7	2001-05-09
01-00777	D7	2001-05-10
01-00780	D7	2001-05-08
01-00783	D7	2001-05-11
01-00806	D7	2001-05-14
01-00809	D7	2001-05-07
01-00813	D7	2001-05-18
01-00816	D7	2001-05-17
01-00849	D7	2001-05-22
01-00850	D7	2001-05-23
01-00871	D7	2001-05-28
01-00872	D7	2001-05-28
01-00873	D7	2001-05-21
01-00875	D7	2001-05-29
01-00900	D7	2001-05-28
01-00901	D7	2001-05-28
01-00903	D7	2001-06-01
01-00904	D7	2001-06-01
01-00905	D7	2001-05-31
01-00939	D7	2001-06-05
01-00940	D7	2001-06-05
01-01055	D7	2001-06-11
01-01061	D7	2001-06-13
01-01065	D7	2001-06-18
01-01162	D7	2001-06-25
01-01169	D7	2001-06-25
01-01171	D7	2001-06-25
01-01227	D6	2001-07-06
01-01256	D7	2001-07-09
01-01506	D7	2001-07-24
01-01546	D7	2001-08-03
01-01548	D7	2001-08-07
01-01638	D7	2001-08-13
01-01641	D7	2001-08-13
01-01771	D6	2001-09-03
01-01815	D7	2001-09-05
01-01849	D7	2001-09-20
01-01917	D7	2001-10-02
01-01918	D7	2001-10-02
01-01921	D7	2001-10-04
01-01961	D7	2001-10-11
01-01964	D6	2001-10-12
01-01965	D7	2001-10-12
01-02190	D7	2001-10-25
01-02191	D7	2001-10-26
01-02192	D6	2001-10-26
01-02449	D6	2001-11-02
01-02451	D6	2001-11-05
01-02454	D6	2001-11-07
01-02469	D7	2001-11-11
01-02518	D7	2001-11-12
01-02519	D7	2001-11-12
01-02524	D7	2001-11-15
01-02529	D7	2001-11-15
01-02562	D7	2001-11-21
01-02563	D7	2001-11-25
01-02564	D7	2001-11-26
01-02566	D7	2001-11-27
01-02606	D7	2001-11-27
01-02627	D7	2001-12-03
01-02634	D7	2001-12-06
01-02636	D7	2001-12-06
01-02639	D7	2001-12-07
01-02641	D7	2001-12-11
01-02690	D7	2001-12-12
01-02693	D7	2001-11-11
01-02725	D7	2001-12-17
01-02726	D7	2001-12-17
01-02731	D7	2001-12-19
01-02733	D7	2001-12-22
01-02751	D7	2001-12-24
02-00002	D7	2001-12-27
02-00025	D7	2002-01-03
02-00174	D7	2002-01-03
02-00175	D7	2002-01-03
02-00182	D7	2002-01-09
02-00184	D7	2002-01-10
02-00188	D7	2002-01-14
02-00191	D7	2002-01-15
02-00192	D7	2002-01-15
02-00243	D7	2002-01-17
02-00244	D7	2002-01-17
02-00245	D7	2002-01-17
02-00246	D7	2002-01-18
02-00248	D7	2002-01-22
02-00252	D4	2002-01-21
02-00287	D7	2002-01-23
02-00290	D7	2002-01-22
02-00292	D7	2002-01-25
02-00293	D7	2002-01-23
02-00296	D7	2002-01-25
02-00297	D7	2002-01-26
02-00299	D7	2002-01-28
02-00300	D7	2002-01-28
02-00301	D7	2002-01-28
02-00346	D7	2002-01-29
02-00348	D7	2002-01-29
02-00356	D7	2002-02-01
02-00357	D7	2002-01-31
02-00359	D7	2002-02-01
02-00360	D7	2002-02-01
02-00365	D7	2002-02-06
02-00402	D7	2002-02-08
02-00403	D7	2002-02-05
02-00411	D7	2002-02-13
02-00433	D7	2002-02-14
02-00435	D7	2002-02-14
02-00436	D7	2002-02-14
02-00440	D7	2002-02-19
02-00441	D7	2002-02-20
02-00442	D7	2002-02-20
02-00444	D7	2002-02-19
02-00445	D7	2002-02-20
02-00446	D7	2002-02-18
02-00447	D7	2002-02-18
02-00449	D7	2002-02-19
02-00484	D7	2002-02-19
02-00486	D7	2002-02-21
02-00487	D7	2002-02-21
02-00490	D7	2002-02-21
02-00492	D7	2002-02-20
02-00496	D7	2002-02-25
02-00497	D7	2002-02-25
02-00498	D7	2002-02-22
02-00500	D7	2002-02-25
02-00529	D7	2002-02-28
02-00531	D7	2002-02-28
02-00532	D7	2002-02-28
02-00533	D7	2002-02-25
02-00535	D7	2002-03-01
02-00538	D7	2002-03-04
02-00542	D7	2002-03-03
02-00576	D7	2002-03-01
02-00581	D7	2002-03-07
02-00582	D7	2002-03-07
02-00585	D7	2002-03-08
02-00586	D7	2002-03-06
02-00588	D7	2002-03-11
02-00590	D7	2002-03-10
02-00591	D7	2002-03-08
02-00595	D7	2002-03-11
02-00596	D7	2002-03-11
02-00631	D7	2002-03-13
02-00633	D7	2002-03-12
02-00636	D7	2002-03-14
02-00637	D7	2002-03-14
02-00638	D7	2002-03-14
02-00639	D7	2002-03-15
02-00641	D7	2002-03-15
02-00658	D7	2002-03-14
02-00659	D7	2002-03-17
02-00660	D7	2002-03-18
02-00661	D7	2002-03-18
02-00663	D7	2002-03-17
02-00667	D7	2002-03-18
02-00668	D7	2002-03-19
02-00672	D7	2002-03-18
02-00676	D7	2002-03-20
02-00679	D7	2002-03-20
02-00682	D7	2002-03-21
02-00683	D7	2002-03-22
02-00684	D7	2002-03-22
02-00685	D7	2002-03-22
02-00697	D7	2002-03-21
02-00700	D7	2002-03-27
02-00703	D7	2002-03-26
02-00705	D7	2002-03-28
02-00706	D7	2002-03-28
02-00707	D7	2002-03-26
02-00708	D7	2002-03-31
02-00709	D7	2002-04-02
02-00710	D7	2002-04-02
02-00711	D5	2002-04-02
02-00713	D7	2002-04-03
02-00714	D7	2002-04-03
02-00715	D7	2002-04-02
02-00716	D7	2002-04-02
02-00717	D7	2002-04-02
02-00726	D7	2002-04-04
02-00729	D7	2002-04-03
02-00730	D7	2002-04-04
02-00731	D7	2002-04-04
02-00732	D7	2002-04-07
02-00733	D7	2002-04-04
02-00735	D7	2002-04-09
02-00737	D7	2002-04-08
02-00751	D7	2002-04-10
02-00752	D7	2002-04-11
02-00755	D7	2002-04-15
02-00786	D7	2002-04-15
02-00787	D7	2002-04-15
02-00788	D7	2002-04-16
02-00790	D7	2002-04-16
02-00791	D7	2002-04-16
02-00794	D7	2002-04-17
02-00796	D7	2002-04-22
02-00797	D7	2002-04-23
02-00798	D7	2002-04-23
02-00799	D7	2002-04-23
02-00800	D7	2002-04-22
02-00804	D7	2002-04-26
02-00805	D7	2002-04-25
02-00807	D7	2002-04-25
02-00808	D7	2002-04-25
02-00809	D7	2002-04-25
02-00810	D7	2002-04-26
02-00812	D7	2002-04-26
02-00813	D7	2002-04-29
02-00816	D7	2002-04-29
02-00819	D7	2002-05-02
02-00820	D7	2002-05-02
02-00821	D7	2002-04-30
02-00824	D7	2002-05-03
02-00825	D7	2002-05-02
02-00826	D7	2002-05-02
02-00828	D7	2002-05-07
02-00829	D7	2002-05-06
02-00835	D7	2002-05-08
02-00836	D7	2002-05-08
02-00837	D7	2002-05-07
02-00838	D7	2002-05-13
02-00839	D7	2002-05-13
02-00840	D7	2002-05-13
02-00841	D7	2002-05-13
02-00843	D7	2002-05-14
02-00845	D7	2002-05-13
02-00846	D7	2002-05-13
02-00847	D7	2002-05-15
02-00851	D7	2002-05-21
02-00852	D7	2002-05-21
02-00853	D7	2002-05-21
02-00854	D7	2002-05-22
02-00855	D7	2002-05-22
02-00857	D7	2002-05-23
02-00858	D7	2002-05-21
02-00859	D7	2002-05-06
02-00860	D7	2002-05-24
02-00861	D7	2002-05-24
02-00865	D7	2002-05-27
02-00866	D7	2002-05-27
02-00872	D7	2002-06-10
02-00934	D7	2002-06-12
02-00940	D7	2002-06-14
02-00944	D7	2002-06-18
02-01044	D7	2002-07-09
02-01093	D7	2002-09-19
02-01094	D7	2002-09-19
02-02019	C2	2002-11-11
02-02200	C2	2002-12-04
02-02211	D7	2002-12-10
02-02212	C2	2002-12-09
02-02218	C2	2002-12-23
03-00096	C2	2003-01-15
03-00173	C2	2003-01-10
03-00176	C2	2003-01-14
03-00177	C2	2003-01-14
03-00178	C2	2003-01-14
03-00179	C2	2003-01-14
03-00181	C2	2003-01-14
03-00182	C2	2003-01-14
03-00183	C2	2003-01-14
03-00186	C2	2003-01-15
03-00187	C2	2003-01-15
03-00188	C2	2003-01-14
03-00203	C2	2003-01-16
03-00212	C2	2003-01-28
03-00222	D7	2003-02-05
03-00234	C2	2003-02-14
03-00236	D7	2003-02-17
03-00239	D7	2003-02-18
03-00241	C2	2003-02-17
03-00242	C2	2003-02-17
03-00243	C2	2003-02-17
03-00251	C2	2003-02-24
03-00253	D7	2003-02-25
03-00254	D7	2003-02-24
03-00255	C2	2003-02-27
03-00257	C2	2003-02-26
03-00263	D7	2003-03-05
03-00265	D7	2003-03-07
03-00266	D7	2003-03-07
03-00282	D7	2003-03-19
03-00283	D7	2003-03-17
03-00306	D7	2003-04-03
03-00351	D7	2003-04-15
03-00359	D7	2003-04-25
03-00380	C2	2003-05-08
03-03599	D7	2003-05-26
03-03600	D7	2003-05-27
03-03603	D7	2003-06-02
03-03609	D7	2003-06-05
03-03616	D7	2003-06-10
03-03617	D7	2003-06-09
03-03619	D7	2003-06-11
03-03621	D7	2003-06-10
03-03622	D7	2003-06-10
03-03627	C2	2003-06-16
03-03628	D7	2003-06-16
03-03643	C2	2003-07-01
03-03644	C2	2003-07-02
03-03660	C2	2003-07-23
03-03674	D7	2003-09-04
03-03738	D6	2003-11-26
04-00132	D6	2004-05-18
05-00061	D4	2005-01-20
05-00135	D4	2005-03-07
05-00136	D4	2005-03-07
05-00155	D4	2005-03-15
05-00204	D4	2005-03-23
05-00239	D6	2005-04-15
05-00246	D4	2005-04-21
05-00248	D4	2005-04-22
05-00252	D4	2005-04-25
05-00253	D4	2005-04-25
05-00255	D6	2005-04-28
05-00257	D4	2005-04-28
05-00258	D4	2005-04-28
05-00265	D6	2005-05-02
05-00266	D6	2005-05-03
05-00271	D4	2005-05-04
05-00272	D4	2005-05-04
05-00273	D4	2005-05-06
05-00275	D4	2005-05-06
05-00277	D4	2005-05-09
05-00287	D6	2005-05-13
05-00288	D6	2005-05-13
05-00291	D4	2005-05-18
05-00321	D6	2005-05-20
05-00322	D6	2005-05-23
05-00350	D4	2005-05-28
05-00351	D4	2005-05-26
05-00353	D6	2005-05-31
05-00355	D6	2005-05-31
05-00371	D4	2005-06-05
05-00374	D6	2005-06-08
05-00385	D4	2005-06-09
05-00424	D4	2005-06-17
05-00464	D6	2005-06-27
05-00465	D6	2005-06-27
05-00467	D6	2005-06-30
05-00469	D6	2005-07-01
05-00473	D6	2005-07-06
05-00539	D4	2005-07-15
05-01027	B2	2005-10-27
06-00025	B3	2006-02-01
06-00036	B3	2006-02-08
06-00048	B3	2006-02-06
06-00050	B3	2006-02-14
06-00051	D6	2006-02-16
06-00054	B3	2006-02-17
06-00057	B3	2006-02-20
06-00058	B3	2006-02-20
06-00059	D4	2006-02-07
06-00127	D6	2006-03-09
06-00130	D6	2006-03-13
06-00139	D6	2006-03-17
06-00141	D6	2006-03-17
06-00142	D6	2006-03-19
06-00143	D6	2006-03-17
06-00145	D6	2006-03-19
06-00146	D6	2006-03-22
06-00147	D6	2006-03-22
06-00148	D6	2006-03-22
06-00149	D6	2006-03-22
06-00151	D6	2006-03-22
06-00152	D6	2006-03-22
06-00153	D6	2006-03-21
06-00154	D6	2006-03-21
06-00156	D4	2006-03-24
06-00160	D6	2006-03-24
06-00162	D6	2006-03-28
06-00163	D6	2006-03-27
06-00164	D6	2006-03-27
06-00173	D6	2006-03-24
06-00185	D6	2006-03-23
06-00193	D4	2006-03-28
06-00197	D6	2006-03-30
06-00199	D6	2006-04-04
06-00200	D6	2006-04-03
06-00201	D6	2006-04-03
06-00202	D6	2006-04-03
06-00203	D4	2006-03-25
06-00205	D6	2006-04-05
06-00206	D6	2006-04-05
06-00210	D6	2006-04-06
06-00211	D4	2006-04-05
06-00219	D6	2006-04-06
06-00222	D6	2006-04-07
06-00223	D6	2006-04-05
06-00224	D6	2006-04-06
06-00225	D6	2006-04-07
06-00226	D6	2006-04-07
06-00227	D6	2006-04-06
06-00229	D6	2006-04-10
06-00230	D6	2006-04-10
06-00231	D6	2006-04-08
06-00234	D6	2006-04-11
06-00238	D6	2006-04-11
06-00239	D6	2006-04-12
06-00240	D6	2006-04-11
06-00241	D6	2006-04-11
06-00242	D6	2006-04-13
06-00246	D6	2006-04-16
06-00247	D6	2006-04-16
06-00248	D6	2006-04-16
06-00250	D6	2006-04-12
06-00251	D6	2006-04-12
06-00252	D6	2006-04-12
06-00253	D6	2006-04-18
06-00254	D6	2006-04-18
06-00256	D6	2006-04-18
06-00257	D6	2006-04-18
06-00261	D6	2006-04-19
06-00262	D6	2006-04-13
06-00263	D6	2006-04-18
06-00264	D6	2006-04-14
06-00265	D6	2006-04-13
06-00266	D6	2006-04-18
06-00267	D6	2006-04-18
06-00269	D6	2006-04-19
06-00275	D6	2006-04-20
06-00277	D6	2006-04-20
06-00278	D6	2006-04-20
06-00280	D6	2006-04-19
06-00281	D6	2006-04-24
06-00283	D6	2006-04-21
06-00285	D6	2006-04-24
06-00287	D6	2006-04-20
06-00290	D6	2006-04-25
06-00291	D6	2006-04-24
06-00292	D6	2006-04-25
06-00294	D6	2006-04-25
06-00296	D6	2006-04-27
06-00297	D6	2006-04-24
06-00298	D6	2006-04-24
06-00299	D6	2006-04-25
06-00300	D6	2006-04-25
06-00301	D6	2006-04-24
06-00344	D6	2006-04-25
06-00345	D6	2006-04-27
06-00346	D6	2006-04-27
06-00347	D6	2006-04-27
06-00349	D6	2006-04-25
06-00350	D6	2006-04-25
06-00351	D6	2006-04-27
06-00352	D6	2006-04-27
06-00356	D6	2006-05-02
06-00358	D6	2006-04-26
06-00359	D6	2006-04-27
06-00360	D6	2006-04-27
06-00361	D6	2006-05-02
06-00363	D6	2006-05-02
06-00364	D6	2006-05-03
06-00365	D6	2006-05-04
06-00367	D4	2006-05-04
06-00372	D6	2006-05-07
06-00373	D6	2006-05-08
06-00376	D6	2006-05-09
06-00377	D6	2006-05-09
06-00379	D6	2006-05-10
06-00381	D6	2006-05-11
06-00383	D6	2006-05-11
06-00387	D6	2006-05-11
06-00388	D6	2006-05-11
06-00389	D6	2006-05-15
06-00390	D6	2006-05-15
06-00392	D4	2006-05-12
06-00393	D6	2006-05-12
06-00394	D6	2006-05-13
06-00395	D6	2006-05-15
06-00400	D4	2006-05-15
06-00401	D4	2006-05-15
06-00402	D6	2006-05-16
06-00405	D6	2006-05-15
06-00414	D6	2006-05-18
06-00418	D6	2006-05-23
06-00419	D4	2006-05-22
06-00435	D6	2006-05-26
06-00437	D4	2006-05-24
06-00438	D6	2006-05-29
06-00440	D6	2006-05-26
06-00443	D6	2006-05-19
06-00445	D4	2006-05-29
06-00446	D6	2006-05-30
06-00454	D5	2006-06-02
06-00456	D6	2006-05-30
06-00457	D6	2006-05-31
06-00459	D6	2006-05-30
06-00460	D6	2006-05-30
06-00462	D4	2006-05-31
06-00467	D4	2006-06-02
06-00468	D4	2006-06-06
06-00470	D6	2006-05-31
06-00471	D6	2006-05-31
06-00472	D6	2006-06-07
06-00478	D4	2006-06-06
06-00481	D6	2006-06-07
06-00484	D6	2006-06-07
06-00485	D6	2006-06-07
06-00486	D6	2006-06-07
06-00494	D4	2006-06-08
06-00496	D4	2006-06-08
06-00497	D4	2006-06-08
06-00498	D6	2006-06-12
06-00499	D6	2006-06-09
06-00502	D6	2006-06-08
06-00503	D6	2006-06-09
06-00505	D4	2006-06-09
06-00507	D6	2006-06-12
06-00511	D6	2006-06-13
06-00512	D6	2006-06-01
06-00513	D6	2006-06-12
06-00514	D6	2006-06-13
06-00515	D6	2006-06-13
06-00517	D6	2006-06-13
06-00524	D5	2006-06-09
06-00540	D6	2006-06-20
06-00541	D6	2006-06-20
06-00549	D6	2006-06-22
06-00558	D4	2006-06-23
06-00567	D6	2006-06-28
06-00568	D6	2006-06-28
06-00572	D4	2006-06-29
06-00575	D6	2006-06-30
06-00583	D4	2006-07-04
06-00595	D4	2006-07-10
06-00597	D6	2006-07-11
06-00598	D6	2006-07-11
06-00601	D6	2006-07-07
06-00616	D6	2006-07-18
06-00623	D6	2006-06-30
06-00625	D6	2006-07-20
06-00630	D4	2006-07-25
06-00631	D6	2006-07-24
07-00188	D8	2007-03-12
07-00197	D5	2007-03-14
07-00235	D8	2007-04-02
07-00238	D8	2007-04-03
07-00245	D8	2007-03-28
07-00246	D8	2007-04-03
07-00249	D8	2007-04-05
07-00260	D8	2007-04-13
07-00264	D8	2007-04-19
07-00265	D8	2007-04-20
07-00266	D8	2007-04-20
07-00267	D8	2007-04-20
07-00268	D8	2007-04-19
07-00288	D8	2007-04-27
07-00290	D8	2007-04-24
07-00291	D8	2007-04-27
07-00292	D8	2007-04-30
07-00295	D8	2007-04-30
07-00297	D8	2007-04-30
07-00299	D8	2007-04-27
07-00300	D8	2007-04-28
07-00302	D8	2007-04-28
07-00303	D8	2007-04-28
07-00306	D8	2007-05-03
07-00308	D8	2007-05-03
07-00310	D8	2007-05-07
07-00311	D8	2007-05-07
07-00320	D8	2007-05-07
07-00324	D8	2007-05-09
07-00326	D8	2007-05-08
07-00327	D8	2007-05-09
07-00329	D8	2007-05-10
07-00330	D8	2007-05-08
07-00332	D8	2007-05-12
07-00333	D8	2007-05-11
07-00335	D8	2007-05-10
07-00338	D8	2007-05-15
07-00340	D8	2007-05-15
07-00341	D8	2007-05-14
07-00344	D8	2007-05-14
07-00349	D8	2007-05-18
07-00352	D8	2007-05-16
07-00356	D8	2007-05-21
07-00358	D8	2007-05-22
07-00360	D8	2007-05-22
07-00361	D5	2007-05-22
07-00362	D8	2007-05-22
07-00363	D8	2007-05-22
07-00365	D8	2007-05-25
07-00366	D5	2007-05-28
07-00369	D8	2007-05-29
07-00376	D8	2007-05-31
07-00377	D8	2007-05-31
07-00382	D8	2007-06-04
07-00390	D8	2007-06-06
07-00391	D5	2007-06-04
07-00397	D8	2007-06-11
07-00399	D8	2007-06-11
07-00412	D8	2007-06-18
07-00450	B3	2007-06-27
07-00566	D4	2007-08-02
07-00568	D5	2007-08-02
07-00577	D4	2007-08-07
07-00639	D5	2007-09-20
07-00640	D5	2007-09-24
07-00678	D4	2007-10-29
07-00681	D4	2007-11-02
07-00695	D4	2007-11-06
07-00698	D4	2007-11-12
07-00699	D4	2007-11-12
07-00734	D4	2007-11-22
07-00739	D4	2007-11-28
07-00741	D4	2007-11-28
07-00746	D8	2007-12-05
08-00020	D5	2008-01-18
08-00021	D5	2008-01-17
08-00026	D5	2008-01-18
08-00027	D5	2008-01-18
08-00029	D5	2008-01-17
08-00030	D5	2008-01-21
08-00034	D8	2008-01-21
08-00042	D8	2008-01-24
08-00043	D8	2008-01-24
08-00049	D5	2008-01-30
08-00050	D5	2008-01-29
08-00051	D5	2008-01-29
08-00056	D5	2008-02-06
08-00061	D5	2008-02-07
08-00062	D5	2008-02-08
08-00077	D5	2008-02-15
08-00079	D5	2008-02-18
08-00083	D5	2008-02-21
08-00089	D5	2008-02-22
08-00098	D5	2008-02-28
08-00107	D5	2008-03-04
08-00116	D5	2008-03-04
08-00117	D5	2008-03-04
08-00120	D5	2008-03-03
08-00121	D5	2008-03-03
08-00124	D5	2008-03-06
08-00125	D5	2008-03-07
08-00126	D5	2008-03-07
08-00133	D5	2008-03-12
08-00136	D5	2008-03-10
08-00137	D5	2008-03-12
08-00138	D5	2008-03-12
08-00139	D5	2008-03-12
08-00140	D5	2008-03-13
08-00144	D5	2008-03-12
08-00155	D5	2008-03-17
08-00157	D5	2008-03-18
08-00158	D5	2008-03-19
08-00161	D4	2008-03-18
08-00162	D5	2008-03-20
08-00163	D5	2008-03-20
08-00165	D5	2008-03-21
08-00166	D5	2008-03-21
08-00167	D5	2008-03-20
08-00168	D5	2008-03-20
08-00169	D5	2008-03-20
08-00171	D5	2008-03-25
08-00173	D5	2008-03-23
08-00174	D5	2008-03-25
08-00176	D5	2008-03-28
08-00177	D4	2008-03-27
08-00179	D5	2008-03-28
08-00181	D5	2008-03-28
08-00182	D5	2008-03-28
08-00183	D5	2008-03-28
08-00187	D4	2008-04-01
08-00188	D5	2008-03-31
08-00189	D5	2008-03-31
08-00190	D5	2008-03-31
08-00192	D5	2008-03-31
08-00193	D5	2008-04-02
08-00195	D5	2008-04-02
08-00196	D5	2008-04-02
08-00198	D5	2008-04-03
08-00199	D5	2008-04-03
08-00200	D5	2008-04-01
08-00201	D5	2008-04-04
08-00202	D5	2008-04-04
08-00203	D5	2008-04-04
08-00204	D5	2008-04-02
08-00207	D5	2008-04-04
08-00208	D5	2008-04-02
08-00209	D5	2008-04-04
08-00210	D5	2008-04-04
08-00211	D5	2008-04-05
08-00216	D5	2008-04-07
08-00220	D5	2008-04-09
08-00221	D5	2008-04-08
08-00226	D4	2008-04-10
08-00227	D5	2008-04-10
08-00235	D5	2008-04-09
08-00237	D5	2008-04-09
08-00250	D5	2008-04-17
08-00252	D5	2008-04-15
08-00254	D5	2008-04-16
08-00255	D5	2008-04-15
08-00257	D5	2008-04-14
08-00258	D5	2008-04-15
08-00259	D5	2008-04-17
08-00263	D5	2008-04-15
08-00271	D5	2008-04-17
08-00272	D5	2008-04-18
08-00275	D5	2008-04-18
08-00276	D5	2008-04-18
08-00277	D5	2008-04-16
08-00278	D5	2008-04-18
08-00279	D5	2008-04-21
08-00281	D5	2008-04-18
08-00282	D5	2008-04-18
08-00294	D5	2008-04-19
08-00295	D5	2008-04-18
08-00299	D5	2008-04-18
08-00300	D5	2008-04-19
08-00302	D8	2008-04-20
08-00303	D5	2008-04-22
08-00304	D5	2008-04-22
08-00311	D5	2008-04-21
08-00316	D5	2008-04-24
08-00319	D5	2008-04-21
08-00322	D5	2008-04-21
08-00323	D5	2008-04-21
08-00327	D5	2008-04-24
08-00328	D5	2008-04-24
08-00329	D5	2008-04-24
08-00330	D5	2008-04-24
08-00331	D5	2008-04-24
08-00332	D5	2008-04-24
08-00337	D5	2008-04-21
08-00339	D5	2008-04-25
08-00340	D5	2008-04-24
08-00341	D5	2008-04-26
08-00342	D5	2008-04-25
08-00343	D5	2008-04-26
08-00344	D5	2008-04-23
08-00351	D5	2008-04-25
08-00356	D5	2008-04-28
08-00360	D8	2008-04-29
08-00362	D5	2008-04-18
08-00366	D5	2008-04-25
08-00370	D5	2008-04-30
08-00374	D5	2008-05-03
08-00377	D5	2008-05-05
08-00378	D5	2008-05-02
08-00379	D5	2008-05-04
08-00380	D5	2008-05-05
08-00381	D5	2008-05-05
08-00385	D8	2008-05-05
08-00402	D5	2008-05-06
08-00415	D4	2008-05-08
08-00437	D8	2008-05-08
08-00441	D5	2008-05-09
08-00452	D5	2008-05-14
08-00453	D5	2008-05-14
08-00458	D5	2008-05-15
08-00459	D5	2008-05-14
08-00460	D5	2008-05-15
08-00461	D8	2008-05-19
08-00462	D4	2008-05-15
08-00467	D5	2008-05-16
08-00505	D8	2008-05-21
08-00510	D4	2008-05-23
08-00517	D5	2008-05-26
08-00521	D4	2008-05-29
08-00522	D5	2008-05-27
08-00523	D5	2008-05-29
08-00538	D5	2008-06-05
08-00553	D5	2008-06-10
08-00566	D5	2008-06-12
08-00577	D5	2008-06-12
08-00583	D5	2008-06-16
08-00591	D4	2008-06-17
08-00594	D5	2008-06-17
08-00607	D5	2008-06-24
08-00646	D4	2008-07-03
08-00668	D5	2008-07-14
08-00727	D8	2008-07-31
08-00745	D9	2008-08-24
08-00746	D9	2008-08-24
08-00748	D9	2008-08-29
08-00753	D9	2008-08-29
08-01010	D4	2008-12-19
09-00019	D4	2009-01-15
09-00030	D4	2009-01-20
09-00046	D4	2009-01-29
09-00052	D4	2009-02-02
09-00055	D4	2009-01-30
09-00056	D8	2009-01-29
09-00057	D4	2009-01-27
09-00058	D4	2009-01-27
09-00060	D4	2009-02-02
09-00063	D4	2009-02-06
09-00065	D4	2009-02-06
09-00066	D4	2009-02-06
09-00067	D4	2009-02-06
09-00068	D4	2009-02-06
09-00070	D8	2009-02-05
09-00072	D5	2009-02-09
09-00074	D4	2009-02-04
09-00077	D8	2009-02-06
09-00086	D4	2009-02-16
09-00109	D4	2009-03-03
09-00110	D4	2009-03-04
09-00118	D4	2009-03-09
09-00128	D4	2009-01-01
09-00129	D4	2009-03-03
09-00132	D4	2009-03-04
09-00133	D4	2009-03-12
09-00137	D4	2009-03-05
09-00138	D4	2009-03-05
09-00143	D4	2009-03-12
09-00144	D4	2009-03-11
09-00146	D4	2009-03-16
09-00150	D4	2009-03-17
09-00153	D4	2009-03-17
09-00154	H1	2009-03-20
09-00158	D4	2009-03-24
09-00173	D4	2009-03-30
09-00176	D4	2009-03-10
09-00177	D4	2009-03-19
09-00178	D9	2009-04-02
09-00180	D4	2009-04-03
09-00182	D4	2009-04-03
09-00183	D4	2009-04-03
09-00184	D4	2009-04-03
09-00185	D4	2009-04-03
09-00186	D4	2009-04-03
09-00188	D4	2009-04-03
09-00189	D4	2009-04-03
09-00214	D4	2009-04-17
09-00215	D4	2009-04-17
09-00216	D4	2009-04-16
09-00220	D4	2009-04-17
09-00246	D4	2009-04-30
09-00247	D4	2009-04-29
09-00249	D4	2009-05-04
09-00250	D4	2009-05-04
09-00251	D4	2009-05-05
09-00253	H1	2009-05-06
09-00254	D4	2009-05-06
09-00255	D4	2009-05-06
09-00256	D4	2009-05-05
09-00257	D4	2009-05-06
09-00259	D4	2009-05-11
09-00260	D4	2009-05-11
09-00261	D4	2009-05-11
09-00262	D4	2009-05-11
09-00263	D4	2009-05-11
09-00265	D4	2009-05-12
09-00275	D4	2009-05-08
09-00279	D4	2009-05-19
09-00280	D4	2009-05-19
09-00282	D4	2009-05-19
09-00283	D4	2009-05-19
09-00284	D4	2009-05-19
09-00286	D4	2009-05-19
09-00287	D4	2009-05-19
09-00289	D4	2009-05-19
09-00290	D4	2009-05-19
09-00292	D4	2009-05-20
09-00294	D4	2009-05-21
09-00295	D4	2009-05-21
09-00296	D4	2009-05-21
09-00299	D4	2009-05-19
09-00300	D4	2009-05-19
09-00305	D4	2009-05-27
09-00306	D4	2009-05-27
09-00310	D4	2009-05-28
09-00313	D4	2009-05-28
09-00314	D4	2009-05-28
09-00327	D4	2009-05-24
09-00328	D4	2009-05-26
09-00343	D4	2009-06-05
09-00345	D4	2009-06-05
09-00356	D4	2009-06-10
09-00363	D4	2009-06-15
09-00367	D4	2009-06-25
09-00424	D4	2009-09-11
09-00425	D4	2009-09-11
09-00426	D4	2009-09-11
09-00427	D4	2009-09-11
09-00428	D4	2009-09-11
09-00429	D4	2009-09-11
10-00006	D8	2010-01-19
10-00017	D8	2010-01-29
10-00018	D8	2010-02-01
10-00022	D8	2010-02-02
10-00023	D8	2010-02-02
10-00026	D8	2010-02-04
10-00029	D8	2010-02-05
10-00033	D8	2010-02-15
10-00039	D4	2010-02-15
10-00042	D4	2010-02-04
10-00049	D4	2010-02-16
10-00057	D8	2010-02-25
10-00058	D8	2010-02-25
10-00073	D8	2010-03-09
10-00075	D8	2010-03-09
10-00084	B3	2010-03-18
10-00086	D8	2010-03-22
10-00087	D4	2010-03-22
10-00088	B3	2010-03-22
10-00089	D8	2010-03-24
10-00091	D8	2010-03-25
10-00093	B3	2010-03-29
10-00097	D8	2010-03-30
10-00098	D8	2010-03-30
10-00099	D4	2010-03-31
10-00103	D4	2010-04-06
10-00105	B3	2010-04-08
10-00107	B3	2010-04-14
10-00110	D4	2010-04-19
10-00112	D8	2010-04-19
10-00123	D4	2010-04-20
10-00126	D8	2010-04-23
10-00129	D4	2010-04-27
10-00130	D4	2010-04-28
10-00133	D4	2010-04-29
10-00134	B3	2010-04-27
10-00142	D4	2010-04-30
10-00143	D4	2010-05-02
10-00145	D4	2010-04-30
10-00146	D4	2010-05-04
10-00153	D4	2010-05-03
10-00154	D4	2010-05-05
10-00156	D4	2010-05-07
10-00161	D4	2010-05-07
10-00162	D4	2010-05-07
10-00163	D4	2010-05-10
10-00164	D4	2010-05-10
10-00169	D4	2010-05-10
10-00174	D4	2010-05-11
10-00178	D4	2010-04-29
10-00180	D4	2010-05-12
10-00182	D8	2010-05-17
10-00187	D8	2010-05-18
10-00188	D4	2010-05-17
10-00189	D4	2010-05-15
10-00192	D4	2010-05-20
10-00195	D4	2010-05-25
10-00196	D4	2010-05-25
10-00197	D4	2010-05-25
10-00198	D4	2010-05-20
10-00207	D8	2010-05-26
10-00208	D4	2010-05-27
10-00209	D4	2010-05-25
10-00211	D4	2010-05-27
10-00212	D4	2010-05-31
10-00214	D4	2010-06-01
10-00216	D4	2010-06-01
10-00225	D4	2010-06-08
10-00228	D4	2010-06-07
10-00236	D4	2010-06-08
10-00244	D4	2010-06-08
10-00247	D4	2010-06-11
10-00248	D4	2010-06-11
10-00249	D4	2010-06-11
10-00250	D4	2010-06-10
10-00251	D4	2010-06-11
10-00252	D4	2010-06-10
10-00254	D4	2010-06-11
10-00255	D4	2010-06-11
10-00257	D4	2010-06-14
10-00258	D4	2010-06-15
10-00259	B3	2010-06-10
10-00261	D4	2010-06-11
10-00262	D4	2010-06-11
10-00265	D4	2010-06-17
10-00266	B3	2010-06-21
10-00271	D4	2010-06-21
10-00273	D4	2010-06-21
10-00274	D4	2010-06-21
10-00276	D4	2010-06-21
10-00277	D4	2010-06-21
10-00280	D4	2010-06-22
10-00284	D4	2010-06-22
10-00285	D4	2010-06-25
10-00288	D4	2010-06-23
10-00294	B3	2010-06-29
10-00295	B3	2010-06-30
10-00299	D4	2010-07-02
10-00303	D4	2010-06-30
10-00305	D4	2010-07-05
10-00309	D4	2010-07-08
10-00310	B3	2010-07-02
10-00318	D4	2010-07-13
10-00325	B3	2010-07-16
10-00326	D4	2010-07-16
10-00327	D4	2010-07-15
10-00328	B3	2010-07-13
10-00329	D4	2010-07-16
10-00336	D4	2010-07-16
10-00345	D4	2010-07-26
10-00346	D4	2010-07-27
10-00349	D4	2010-07-27
10-00354	D4	2010-08-05
10-00359	D4	2010-08-06
10-00366	D4	2010-08-16
10-00368	D4	2010-08-19
10-00377	D4	2010-08-23
10-00379	D4	2010-08-22
10-00380	D4	2010-08-22
10-00381	D4	2010-08-22
10-00385	D4	2010-08-25
10-00386	D4	2010-08-25
10-00389	D4	2010-08-27
10-00395	D4	2010-08-19
10-00413	D4	2010-09-14
10-00423	D4	2010-09-23
10-00424	D4	2010-09-23
10-00425	D4	2010-09-23
10-00428	D4	2010-09-24
10-00430	D4	2010-09-28
10-00499	D4	2010-10-07
10-00500	G3	2010-10-05
10-00534	B3	2010-10-13
10-00545	D4	2010-10-12
10-00546	D4	2010-10-14
10-00550	D4	2010-10-14
10-00551	D4	2010-10-15
10-00557	B3	2010-10-21
10-00559	D4	2010-10-21
10-00565	D4	2010-10-25
10-00570	D4	2010-10-28
10-00572	D4	2010-11-02
10-00575	D4	2010-11-03
10-00587	D4	2010-11-03
10-00591	D4	2010-11-06
10-00598	B3	2010-11-12
10-00653	D4	2010-11-29
10-00654	D4	2010-12-01
10-00655	D4	2010-12-02
10-00661	D4	2010-12-01
10-00662	D4	2010-12-01
10-00664	D4	2010-12-06
10-00665	D4	2010-12-06
10-00673	D4	2010-12-07
10-00676	D4	2010-12-07
10-00680	D4	2010-12-10
10-00684	D4	2010-12-13
10-00685	D4	2010-12-12
10-00686	D4	2010-12-12
11-00006	B3	2011-01-10
11-00007	D4	2011-01-11
11-00011	D4	2011-01-13
11-00013	D4	2011-01-17
11-00014	D4	2011-01-17
11-00016	D4	2011-01-18
11-00018	D4	2011-01-18
11-00019	D4	2011-01-20
11-00020	D4	2011-01-20
11-00040	D4	2011-01-31
11-00043	D4	2011-02-02
11-00044	D4	2011-02-03
11-00045	D4	2011-02-04
11-00069	D4	2011-02-09
11-00070	D4	2011-02-09
11-00072	D4	2011-02-09
11-00074	D4	2011-02-08
11-00075	D4	2011-02-09
11-00077	D4	2011-02-10
11-00078	D4	2011-02-10
11-00085	D4	2011-02-11
11-00086	D4	2011-02-15
11-00088	D4	2011-01-28
11-00089	D4	2011-01-28
11-00090	D4	2011-01-28
11-00091	D4	2011-01-31
11-00092	D4	2011-01-31
11-00093	D4	2011-02-03
11-00094	D4	2011-02-08
11-00099	D4	2011-02-14
11-00106	G3	2011-02-18
11-00109	D4	2011-02-21
11-00112	D4	2011-02-18
11-00114	D4	2011-02-18
11-00116	D4	2011-02-22
11-00126	D4	2011-02-22
11-00132	D4	2011-02-22
11-00138	D4	2011-02-19
11-00139	D4	2011-02-19
11-00140	D4	2011-02-24
11-00145	D8	2011-02-22
11-00146	D4	2011-02-28
11-00151	D4	2011-03-02
11-00152	D4	2011-03-02
11-00164	D4	2011-02-07
11-00165	D4	2011-02-10
11-00166	D4	2011-02-24
11-00167	D4	2011-02-25
11-00168	D4	2011-02-24
11-00169	D4	2011-03-07
11-00170	D4	2011-03-07
11-00181	D4	2011-03-09
11-00182	D4	2011-03-09
11-00183	D4	2011-03-09
11-00187	D4	2011-03-10
11-00193	D4	2011-03-13
11-00194	D4	2011-03-12
11-00195	D4	2011-03-07
11-00196	D4	2011-03-08
11-00199	D4	2011-03-14
11-00200	D4	2011-03-14
11-00201	G3	2011-03-15
11-00202	D4	2011-03-14
11-00206	D4	2011-03-17
11-00210	D4	2011-03-17
11-00211	G3	2011-03-17
11-00222	D4	2011-03-21
11-00224	D4	2011-03-14
11-00228	D4	2011-03-22
11-00231	D4	2011-03-22
11-00232	D4	2011-03-23
11-00236	D4	2011-03-24
11-00238	D4	2011-03-25
11-00239	D4	2011-03-28
11-00240	D4	2011-03-29
11-00241	D4	2011-03-28
11-00242	D4	2011-03-10
11-00244	D4	2011-03-28
11-00248	D4	2011-03-28
11-00250	G3	2011-03-28
11-00251	G3	2011-03-28
11-00254	D4	2011-03-25
11-00255	D4	2011-03-26
11-00267	D4	2011-04-04
11-00268	D4	2011-04-04
11-00269	D4	2011-04-05
11-00270	D4	2011-04-04
11-00271	D4	2011-04-05
11-00274	D4	2011-04-05
11-00275	D4	2011-04-07
11-00276	D4	2011-04-07
11-00277	D4	2011-04-07
11-00279	D4	2011-04-06
11-00281	D4	2011-04-05
11-00282	H1	2011-04-06
11-00287	D4	2011-04-07
11-00288	D4	2011-04-07
11-00294	D4	2011-04-08
11-00297	B3	2011-04-06
11-00299	D4	2011-04-08
11-00303	D4	2011-04-08
11-00305	D4	2011-04-12
11-00316	D4	2011-04-12
11-00317	D4	2011-04-12
11-00318	D4	2011-04-13
11-00319	D4	2011-04-12
11-00324	D4	2011-04-14
11-00325	D4	2011-04-15
11-00327	D4	2011-04-18
11-00329	D4	2011-04-15
11-00330	D4	2011-04-15
11-00331	D4	2011-04-15
11-00333	D4	2011-04-19
11-00334	D4	2011-04-19
11-00335	D4	2011-04-19
11-00336	D4	2011-04-20
11-00346	D4	2011-04-21
11-00347	D4	2011-04-21
11-00349	D4	2011-04-21
11-00351	D4	2011-04-20
11-00352	D4	2011-04-21
11-00355	D4	2011-04-22
11-00362	D4	2011-04-27
11-00363	D4	2011-04-27
11-00364	D4	2011-04-26
11-00371	D4	2011-04-28
11-00376	D8	2011-04-27
11-00377	D8	2011-04-29
11-00383	D4	2011-05-02
11-00386	D4	2011-04-28
11-00392	D4	2011-05-03
11-00396	D4	2011-05-03
11-00398	D4	2011-04-27
11-00403	D4	2011-04-15
11-00404	D4	2011-04-18
11-00410	G3	2011-05-04
11-00411	D4	2011-05-04
11-00412	D4	2011-05-04
11-00413	D4	2011-05-04
11-00414	D4	2011-05-04
11-00415	G3	2011-05-04
11-00416	D4	2011-05-04
11-00417	G3	2011-05-04
11-00418	D4	2011-05-04
11-00419	D4	2011-05-04
11-00421	D4	2011-05-04
11-00422	D4	2011-05-04
11-00424	D4	2011-05-04
11-00425	D4	2011-05-04
11-00426	D4	2011-05-04
11-00427	D4	2011-05-04
11-00428	D4	2011-05-04
11-00432	D4	2011-05-06
11-00434	D4	2011-05-06
11-00437	D4	2011-05-09
11-00438	D4	2011-05-09
11-00440	D4	2011-05-09
11-00442	D4	2011-05-10
11-00443	D4	2011-05-10
11-00444	D4	2011-05-11
11-00445	D4	2011-05-11
11-00450	D4	2011-05-10
11-00453	D4	2011-05-11
11-00454	D4	2011-05-11
11-00455	D4	2011-05-06
11-00458	D4	2011-05-02
11-00459	D4	2011-05-14
11-00462	D4	2011-05-13
11-00464	D4	2011-05-16
11-00466	D4	2011-05-13
11-00467	D4	2011-05-13
11-00472	D4	2011-05-13
11-00473	D4	2011-05-13
11-00474	D4	2011-05-13
11-00476	D4	2011-05-16
11-00479	D4	2011-05-13
11-00480	D4	2011-05-16
11-00484	D4	2011-05-17
11-00486	D4	2011-05-16
11-00487	D4	2011-05-17
11-00488	D4	2011-05-17
11-00489	D4	2011-05-17
11-00491	D4	2011-05-17
11-00492	D8	2011-05-17
11-00494	D4	2011-05-17
11-00495	D4	2011-05-17
11-00496	D4	2011-05-17
11-00497	D4	2011-05-17
11-00498	D4	2011-05-17
11-00499	D4	2011-05-17
11-00501	D4	2011-05-17
11-00504	D4	2011-05-18
11-00505	D4	2011-05-18
11-00509	D4	2011-05-19
11-00510	D4	2011-05-18
11-00511	D4	2011-05-18
11-00512	D4	2011-05-18
11-00518	D4	2011-05-20
11-00520	D4	2011-05-20
11-00521	D4	2011-05-23
11-00531	D4	2011-05-16
11-00541	D4	2011-05-24
11-00542	D4	2011-05-24
11-00544	D4	2011-05-23
11-00548	D4	2011-05-23
11-00549	D4	2011-05-25
11-00551	D4	2011-05-26
11-00552	D4	2011-05-26
11-00555	D4	2011-05-26
11-00556	D4	2011-05-26
11-00557	D4	2011-05-26
11-00558	D4	2011-05-26
11-00559	D4	2011-05-26
11-00560	D4	2011-05-26
11-00569	D4	2011-05-27
11-00570	D4	2011-05-27
11-00571	D4	2011-05-27
11-00572	D4	2011-05-27
11-00577	D4	2011-05-27
11-00580	D4	2011-05-27
11-00582	D4	2011-05-27
11-00583	D4	2011-05-27
11-00584	D4	2011-05-27
11-00585	D4	2011-05-27
11-00588	D4	2011-05-30
11-00593	D4	2011-05-31
11-00599	D4	2011-06-01
11-00600	D4	2011-06-01
11-00603	D4	2011-05-31
11-00613	D4	2011-05-30
11-00615	D4	2011-06-04
11-00620	D4	2011-06-07
11-00622	D4	2011-06-07
11-00627	B3	2011-06-09
11-00628	D4	2011-06-08
11-00630	D4	2011-06-10
11-00634	D4	2011-06-14
11-00635	D8	2011-06-13
11-00646	D4	2011-05-27
11-00647	D4	2011-06-08
11-00648	D4	2011-05-31
11-00649	D4	2011-06-01
11-00650	D4	2011-06-15
11-00652	D4	2011-06-17
11-00653	D4	2011-06-17
11-00654	D4	2011-06-17
11-00655	D4	2011-06-17
11-00656	D4	2011-06-16
11-00659	D4	2011-06-17
11-00660	D8	2011-06-21
11-00661	D8	2011-06-21
11-00662	D4	2011-06-21
11-00664	D4	2011-06-15
11-00665	D4	2011-06-15
11-00667	D4	2011-05-31
11-00684	B3	2011-06-27
11-00690	D8	2011-06-27
11-00691	D8	2011-06-27
11-00694	B3	2011-06-30
11-00704	D4	2011-07-04
11-00710	D8	2011-07-05
11-00714	D8	2011-07-06
11-00715	D4	2011-07-05
11-00716	D8	2011-07-07
11-00717	D4	2011-07-08
11-00718	B3	2011-07-07
11-00721	D4	2011-07-08
11-00722	D4	2011-07-11
11-00727	D8	2011-07-11
11-00736	D8	2011-07-16
11-00738	D4	2011-07-19
11-00742	B3	2011-07-21
11-00745	D4	2011-07-28
11-00747	D4	2011-07-28
11-00749	D4	2011-08-01
11-00754	D8	2011-07-28
11-00755	D8	2011-07-28
11-00756	B3	2011-08-02
11-00774	D4	2011-08-07
11-00777	D8	2011-08-05
11-00802	D8	2011-08-18
11-00808	D8	2011-08-29
11-00819	D4	2011-09-07
11-00840	B3	2011-09-19
12-00001	D9	2012-01-02
12-00079	D4	2012-04-13
12-00098	D4	2012-04-20
12-00099	D4	2012-04-20
12-00101	D4	2012-04-23
12-00115	D4	2012-04-30
12-00123	D4	2012-04-30
12-00124	D4	2012-05-04
12-00125	D4	2012-05-04
12-00126	D4	2012-05-04
12-00127	D4	2012-05-04
12-00132	D4	2012-05-09
12-00133	D4	2012-05-07
12-00138	D4	2012-05-10
12-00141	D4	2012-05-10
12-00144	D4	2012-05-11
12-00146	D4	2012-05-11
12-00179	D4	2012-05-15
12-00184	D4	2012-05-18
12-00189	D4	2012-05-21
12-00190	D4	2012-05-21
12-00192	D4	2012-05-20
12-00196	D4	2012-05-22
12-00200	D4	2012-05-31
12-00201	D4	2012-05-31
12-00241	B3	2012-07-02
12-00245	B3	2012-06-21
12-00253	D4	2012-07-06
12-00289	D8	2012-08-29
12-00315	B3	2012-09-16
12-00381	D4	2012-11-23
12-00383	D4	2012-12-06
13-00016	D8	2013-01-22
13-00072	D8	2013-03-11
13-00073	D8	2013-03-08
13-00075	D8	2013-03-07
13-00076	D8	2013-03-12
13-00078	D8	2013-03-15
13-00080	D8	2013-03-08
13-00086	D8	2013-03-21
13-00087	D8	2013-03-20
13-00089	D8	2013-03-21
13-00092	D8	2013-03-28
13-00093	D8	2013-03-26
13-00095	D8	2013-04-02
13-00100	D4	2013-04-03
13-00101	D8	2013-04-02
13-00102	D8	2013-04-02
13-00103	D8	2013-04-02
13-00104	D8	2013-04-02
13-00108	D8	2013-04-04
13-00114	D8	2013-04-05
13-00115	D8	2013-04-08
13-00122	D8	2013-04-10
13-00123	D4	2013-04-06
13-00129	D8	2013-04-15
13-00130	D8	2013-04-12
13-00132	D8	2013-04-15
13-00133	D8	2013-04-15
13-00134	D8	2013-04-15
13-00135	D8	2013-04-12
13-00136	D8	2013-04-15
13-00139	D8	2013-04-16
13-00144	D8	2013-04-18
13-00149	D8	2013-04-22
13-00151	D4	2013-04-19
13-00152	D8	2013-04-19
13-00157	D8	2013-04-19
13-00160	D8	2013-04-23
13-00161	D8	2013-04-22
13-00162	D8	2013-04-23
13-00163	D8	2013-04-23
13-00164	D8	2013-04-23
13-00166	D8	2013-04-23
13-00169	D8	2013-04-25
13-00170	D8	2013-04-25
13-00173	D8	2013-04-24
13-00177	D8	2013-04-26
13-00181	D4	2013-04-27
13-00182	D4	2013-04-28
13-00186	D8	2013-04-29
13-00187	D8	2013-04-29
13-00189	D8	2013-04-30
13-00191	D8	2013-04-30
13-00192	D8	2013-04-26
13-00193	D8	2013-04-26
13-00197	D8	2013-04-27
13-00198	D8	2013-04-30
13-00199	D8	2013-05-02
13-00200	D8	2013-05-02
13-00202	D8	2013-05-03
13-00203	D8	2013-04-27
13-00205	D8	2013-05-06
13-00208	D8	2013-05-03
13-00209	D8	2013-05-07
13-00211	D8	2013-05-04
13-00212	D8	2013-05-06
13-00213	D8	2013-05-07
13-00214	D8	2013-05-07
13-00215	D8	2013-05-06
13-00217	D8	2013-05-06
13-00222	D8	2013-05-09
13-00223	D8	2013-05-08
13-00226	D8	2013-05-09
13-00228	D8	2013-05-13
13-00230	D8	2013-05-13
13-00247	D8	2013-05-15
13-00248	D8	2013-05-16
13-00249	D8	2013-05-15
13-00250	D8	2013-05-15
13-00251	D8	2013-05-15
13-00257	D8	2013-05-16
13-00258	D8	2013-05-16
13-00259	D8	2013-05-15
13-00260	D8	2013-05-16
13-00261	D8	2013-05-16
13-00262	D8	2013-05-16
13-00263	D8	2013-05-16
13-00297	D8	2013-05-21
13-00301	D8	2013-05-17
13-00302	D8	2013-05-19
13-00304	D8	2013-05-20
13-00305	D8	2013-05-18
13-00306	D8	2013-05-19
13-00307	D8	2013-05-18
13-00315	D8	2013-05-22
13-00316	D8	2013-05-21
13-00317	D8	2013-05-21
13-00318	D8	2013-05-21
13-00320	D8	2013-05-21
13-00329	D8	2013-05-23
13-00330	D8	2013-05-24
13-00332	D8	2013-05-23
13-00338	D8	2013-05-27
13-00339	D8	2013-05-23
13-00340	D8	2013-05-27
13-00341	D8	2013-05-23
13-00342	D8	2013-05-28
13-00349	D8	2013-05-29
13-00350	D8	2013-05-29
13-00351	D8	2013-05-27
13-00354	D8	2013-05-30
13-00355	D8	2013-05-30
13-00360	D8	2013-05-29
13-00361	D8	2013-05-30
13-00362	D8	2013-05-30
13-00365	D8	2013-05-31
13-00366	D8	2013-05-31
13-00369	D8	2013-05-29
13-00371	D8	2013-05-28
13-00372	D8	2013-05-29
13-00373	D8	2013-05-31
13-00374	D8	2013-06-03
13-00377	D8	2013-06-03
13-00379	D8	2013-06-02
13-00381	D8	2013-06-03
13-00382	D8	2013-06-03
13-00383	D8	2013-06-05
13-00385	D8	2013-06-05
13-00388	D8	2013-06-03
13-00389	D8	2013-06-05
13-00391	D8	2013-06-07
13-00393	D8	2013-06-07
13-00396	D8	2013-06-06
13-00398	D8	2013-06-08
13-00399	D8	2013-06-10
13-00402	D8	2013-06-05
13-00403	D8	2013-06-10
13-00405	D8	2013-06-07
13-00406	D8	2013-06-07
13-00409	D8	2013-06-07
13-00412	D8	2013-06-11
13-00413	D8	2013-06-10
13-00414	D8	2013-06-10
13-00416	D8	2013-06-11
13-00418	D8	2013-06-04
13-00419	D8	2013-06-04
13-00421	D8	2013-06-13
13-00422	D8	2013-06-12
13-00423	D8	2013-06-12
13-00424	D8	2013-06-12
13-00425	D8	2013-06-12
13-00426	D8	2013-06-14
13-00429	D8	2013-06-13
13-00432	D8	2013-06-03
13-00433	D8	2013-06-10
13-00437	D8	2013-06-14
13-00438	D8	2013-06-10
13-00439	D8	2013-06-09
13-00442	D8	2013-06-17
13-00447	D8	2013-06-17
13-00453	D8	2013-06-13
13-00454	D8	2013-06-19
13-00455	D8	2013-06-17
13-00460	D8	2013-06-20
13-00466	D8	2013-06-23
13-00467	D8	2013-06-23
13-00468	D8	2013-06-21
13-00470	D8	2013-06-25
13-00475	D8	2013-06-24
13-00479	D8	2013-06-25
13-00482	D8	2013-06-26
13-00486	D8	2013-06-27
13-00489	D8	2013-06-28
13-00490	D8	2013-06-28
13-00491	D8	2013-06-27
13-00521	D8	2013-07-02
13-00522	D8	2013-07-02
13-00523	D8	2013-07-02
13-00524	D8	2013-07-02
13-00532	D8	2013-07-03
13-00534	D8	2013-07-04
13-00551	D8	2013-07-01
13-00566	D8	2013-07-10
13-00567	D8	2013-07-11
13-00597	D8	2013-07-19
13-00599	D8	2013-07-23
13-00605	D8	2013-07-20
13-00614	D8	2013-07-23
13-00616	D8	2013-07-25
13-00619	D8	2013-07-24
13-00624	D8	2013-07-26
13-00633	D8	2013-08-05
13-00634	D8	2013-08-05
13-00643	D8	2013-08-09
13-00645	D8	2013-08-09
13-00646	D8	2013-08-13
13-00649	D8	2013-08-15
13-00650	D8	2013-08-13
13-00661	D8	2013-08-16
13-00665	D8	2013-08-20
13-00667	D8	2013-08-20
13-00670	D8	2013-08-26
13-00683	D8	2013-09-04
13-00689	D8	2013-08-31
13-00696	D8	2013-09-10
13-00697	D8	2013-09-16
13-00698	D8	2013-08-25
13-00700	D8	2013-09-09
13-00701	D8	2013-09-09
13-00704	D8	2013-09-16
13-00708	D8	2013-09-11
13-00709	D8	2013-09-20
13-00711	D8	2013-09-19
13-00720	D8	2013-09-23
13-00721	D8	2013-09-20
13-00733	D8	2013-09-24
13-00742	D8	2013-10-01
13-00743	D8	2013-09-30
13-00744	D8	2013-10-01
13-00763	D8	2013-10-02
13-00764	D8	2013-10-01
13-00772	D8	2013-10-20
13-00778	D9	2013-10-22
13-00779	D9	2013-10-22
13-00780	D9	2013-10-22
13-00808	D8	2013-10-29
13-00819	B3	2013-11-04
13-00820	D8	2013-11-04
13-00838	D8	2013-11-13
13-00841	D8	2013-11-20
13-00848	B3	2013-11-19
13-00855	D8	2013-11-22
13-00876	B3	2013-12-03
13-00896	D8	2013-12-16
14-00025	B3	2014-01-22
14-00043	B3	2014-02-07
14-00047	B3	2014-02-10
14-00051	H1	2014-02-13
14-00052	D8	2014-02-12
14-00053	B3	2014-02-10
14-00054	B3	2014-02-12
14-00055	D8	2014-02-08
14-00083	B3	2014-02-25
14-00099	B3	2014-03-06
14-00163	B3	2014-03-29
14-00169	B3	2014-03-23
14-00178	D8	2014-04-03
14-00210	B3	2014-04-11
14-00211	B3	2014-04-10
14-00212	B3	2014-04-10
14-00215	B3	2014-04-14
14-00221	B3	2014-04-15
14-00241	B3	2014-04-25
14-00275	B3	2014-05-01
14-00277	B3	2014-04-29
14-00279	D9	2014-05-02
14-00297	D8	2014-05-09
14-00319	D8	2014-05-16
14-00336	B3	2014-05-28
14-00348	B3	2014-06-03
14-00354	B3	2014-06-06
14-00356	D8	2014-06-05
14-00361	B3	2014-06-10
14-00370	B3	2014-06-11
14-00515	D8	2014-07-10
14-00538	D8	2014-07-29
14-00539	D8	2014-07-29
14-00543	B3	2014-08-05
14-00561	B3	2014-08-13
14-00562	B3	2014-08-13
14-00566	D8	2014-08-12
14-00572	B3	2014-08-20
14-00573	B3	2014-08-20
14-00575	B3	2014-08-13
14-00582	D8	2014-08-22
14-00584	B3	2014-08-25
14-00586	D8	2014-08-21
14-00609	D8	2014-09-05
14-00610	D8	2014-09-05
14-00611	D8	2014-09-02
14-00616	B3	2014-09-09
14-00620	D8	2014-08-07
14-00637	D8	2014-09-16
14-00638	D8	2014-09-16
14-00645	D8	2014-09-22
14-00665	D8	2014-09-26
14-00694	D8	2014-10-10
14-00698	D8	2014-10-14
14-00699	D8	2014-10-06
14-00702	D8	2014-10-15
14-00713	D8	2014-10-20
14-00728	D8	2014-10-30
14-00757	D8	2014-11-11
14-00759	D8	2014-11-13
14-00760	D8	2014-11-13
14-00761	D8	2014-11-11
14-00762	D8	2014-11-17
14-00764	D8	2014-11-17
14-00765	D8	2014-11-17
14-00828	D8	2014-12-02
14-00843	D8	2014-12-05
14-00844	D8	2014-12-05
14-00845	D8	2014-12-08
14-00846	D8	2014-12-08
14-00847	D8	2014-12-09
14-00848	D8	2014-12-09
14-00851	D8	2014-12-13
14-00852	D8	2014-12-13
14-00853	D8	2014-12-13
14-00854	D8	2014-12-12
14-00856	D8	2014-12-12
14-00857	D8	2014-12-15
14-00858	D8	2014-12-11
14-00862	D8	2014-12-15
14-00863	D8	2014-12-16
14-00864	D8	2014-12-11
14-00865	D8	2014-12-15
14-00866	D8	2014-12-17
14-00869	D8	2014-12-17
14-00872	D8	2014-12-16
14-00873	D8	2014-12-18
14-00874	D8	2014-12-18
14-00875	D8	2014-12-14
14-00876	D8	2014-12-18
14-00877	D8	2014-12-16
14-00878	D8	2014-12-22
14-00879	D8	2014-12-19
14-00880	D8	2014-12-19
14-00881	D8	2014-12-22
14-00883	D8	2014-12-18
14-00884	D8	2014-12-19
14-00886	D8	2014-12-23
14-00887	D8	2014-12-27
14-00888	D8	2014-12-23
15-00006	D8	2015-01-02
15-00007	D8	2014-12-23
15-00009	D8	2014-12-24
15-00010	D8	2014-12-23
15-00012	D8	2014-12-25
15-00013	D8	2014-12-29
15-00017	D8	2014-12-23
15-00018	D8	2014-12-29
15-00021	D8	2014-12-30
15-00025	D8	2015-01-04
15-00030	D8	2015-01-03
15-00031	D8	2015-01-03
15-00033	D8	2015-01-08
15-00037	D8	2015-01-08
15-00040	D8	2015-01-08
15-00042	D8	2015-01-07
15-00043	D8	2015-01-08
15-00044	D8	2015-01-07
15-00046	D8	2014-12-30
15-00049	D8	2015-01-11
15-00050	D8	2015-01-09
15-00052	D8	2015-01-12
15-00054	D8	2015-01-12
15-00055	D8	2015-01-12
15-00057	D8	2015-01-08
15-00059	D8	2015-01-08
15-00062	D8	2015-01-13
15-00063	D8	2015-01-12
15-00064	D8	2015-01-12
15-00065	D8	2015-01-13
15-00073	D8	2015-01-14
15-00075	D8	2015-01-15
15-00076	D8	2015-01-15
15-00080	D8	2015-01-15
15-00081	D8	2015-01-14
15-00084	D8	2015-01-15
15-00087	D8	2015-01-16
15-00094	D8	2015-01-19
15-00095	D8	2015-01-17
15-00096	D8	2015-01-19
15-00097	D8	2015-01-19
15-00098	D8	2015-01-17
15-00103	D8	2015-01-18
15-00105	D8	2015-01-19
15-00107	D8	2015-01-14
15-00109	D8	2015-01-19
15-00110	D8	2015-01-19
15-00111	D8	2015-01-20
15-00112	D8	2015-01-20
15-00113	D8	2015-01-20
15-00116	D8	2015-01-19
15-00117	D8	2015-01-19
15-00118	D8	2015-01-19
15-00119	D8	2015-01-19
15-00123	D8	2015-01-21
15-00124	D8	2015-01-20
15-00126	D8	2015-01-21
15-00127	D8	2015-01-21
15-00128	D8	2015-01-21
15-00136	D8	2015-01-21
15-00137	D8	2015-01-21
15-00139	D8	2015-01-21
15-00140	D8	2015-01-21
15-00141	D8	2015-01-20
15-00144	D8	2015-01-21
15-00145	D8	2015-01-23
15-00146	D8	2015-01-23
15-00147	D8	2015-01-22
15-00151	D8	2015-01-23
15-00152	D8	2015-01-23
15-00153	D8	2015-01-22
15-00155	D8	2015-01-23
15-00157	D8	2015-01-23
15-00158	D8	2015-01-24
15-00160	D8	2015-01-23
15-00168	D8	2015-01-26
15-00169	D8	2015-01-26
15-00170	D8	2015-01-05
15-00174	D8	2015-01-27
15-00175	D8	2015-01-27
15-00176	D8	2015-01-28
15-00177	D8	2015-01-25
15-00182	D8	2015-01-28
15-00183	D8	2015-01-29
15-00185	D8	2015-01-28
15-00191	D8	2015-01-31
15-00192	D8	2015-01-30
15-00193	D8	2015-01-27
15-00194	D8	2015-02-02
15-00195	D8	2015-02-02
15-00197	D8	2015-02-01
15-00198	D8	2015-02-02
15-00199	D8	2015-02-01
15-00200	D8	2015-02-02
15-00202	D8	2015-02-02
15-00203	D8	2015-02-02
15-00204	D8	2015-02-02
15-00205	D8	2015-02-03
15-00206	D8	2015-02-02
15-00210	D8	2015-02-01
15-00211	D8	2015-02-02
15-00212	D8	2015-02-02
15-00216	D8	2015-02-03
15-00217	D8	2015-02-04
15-00219	D8	2015-02-03
15-00220	D8	2015-02-04
15-00221	D8	2015-02-04
15-00222	D8	2015-02-04
15-00223	D8	2015-02-04
15-00224	D8	2015-02-02
15-00227	D8	2015-01-20
15-00228	D8	2015-01-20
15-00237	D8	2015-02-06
15-00238	D8	2015-02-06
15-00240	D8	2015-02-06
15-00241	D8	2015-02-09
15-00243	D8	2015-02-05
15-00245	D8	2015-02-06
15-00246	D8	2015-02-10
15-00253	D8	2015-02-09
15-00254	D8	2015-02-10
15-00255	D8	2015-02-10
15-00258	D8	2015-02-09
15-00259	D8	2015-02-11
15-00264	D8	2015-01-31
15-00265	D8	2015-02-11
15-00266	D8	2015-02-11
15-00267	D8	2015-02-11
15-00272	D8	2015-02-11
15-00274	D8	2015-02-12
15-00276	D8	2015-02-11
15-00277	D8	2015-02-10
15-00283	D8	2015-02-06
15-00284	D8	2015-02-09
15-00285	D8	2015-02-10
15-00286	D8	2015-02-13
15-00288	D8	2015-02-13
15-00289	D8	2015-02-16
15-00293	D8	2015-02-16
15-00294	D8	2015-02-17
15-00296	D8	2015-02-17
15-00297	D8	2015-02-16
15-00307	D8	2015-02-18
15-00311	D8	2015-02-17
15-00319	D8	2015-02-18
15-00323	D8	2015-02-17
15-00325	D8	2015-02-20
15-00326	D8	2015-02-20
15-00330	D8	2015-02-23
15-00334	D8	2015-02-23
15-00336	D8	2015-02-22
15-00343	D8	2015-02-23
15-00344	D8	2015-02-24
15-00345	D8	2015-02-19
15-00357	D8	2015-02-23
15-00359	D8	2015-02-25
15-00361	D8	2015-02-26
15-00363	D8	2015-02-26
15-00364	D8	2015-02-26
15-00372	D8	2015-02-27
15-00373	D8	2015-02-25
15-00382	D8	2015-02-27
15-00393	D8	2015-03-03
15-00395	D8	2015-03-01
15-00400	D8	2015-02-28
15-00403	D8	2015-03-03
15-00405	D8	2015-03-03
15-00406	D8	2015-03-03
15-00407	D8	2015-03-03
15-00412	D8	2015-03-04
15-00414	D8	2015-03-03
15-00424	D8	2015-02-24
15-00425	D8	2015-02-27
15-00426	D8	2015-03-05
15-00427	D8	2015-03-03
15-00428	D8	2015-03-05
15-00431	D8	2015-03-05
15-00432	D8	2015-03-03
15-00437	D8	2015-03-05
15-00439	D8	2015-03-04
15-00450	D8	2015-03-04
15-00454	D8	2015-03-06
15-00457	D8	2015-03-06
15-00460	D8	2015-03-06
15-00463	D8	2015-03-02
15-00465	D8	2015-03-05
15-00470	D8	2015-03-08
15-00471	D8	2015-03-08
15-00472	D8	2015-03-06
15-00473	D8	2015-03-07
15-00486	D8	2015-03-09
15-00487	D8	2015-03-06
15-00496	D8	2015-03-07
15-00497	D8	2015-03-06
15-00499	D8	2015-03-05
15-00500	D8	2015-03-07
15-00502	D8	2015-03-10
15-00504	D8	2015-03-04
15-00512	D8	2015-03-09
15-00513	D8	2015-03-11
15-00514	D8	2015-03-09
15-00517	D8	2015-03-11
15-00527	D8	2015-03-09
15-00530	D8	2015-03-10
15-00531	D8	2015-03-09
15-00533	D8	2015-03-12
15-00536	D8	2015-03-06
15-00546	D8	2015-03-12
15-00548	D8	2015-03-12
15-00549	D8	2015-03-11
15-00554	D8	2015-03-13
15-00558	D8	2015-03-12
15-00561	D8	2015-03-16
15-00565	D8	2015-03-04
15-00566	D8	2015-03-06
15-00567	D8	2015-03-06
15-00568	D8	2015-03-06
15-00573	D8	2015-03-14
15-00583	D8	2015-03-16
15-00584	D8	2015-03-18
15-00589	D8	2015-03-19
15-00593	D8	2015-03-18
15-00594	D8	2015-03-16
15-00596	D8	2015-03-18
15-00597	D8	2015-03-18
15-00601	D8	2015-03-19
15-00606	D8	2015-03-19
15-00611	D8	2015-03-18
15-00613	D8	2015-03-19
15-00616	D8	2015-03-14
15-00617	D8	2015-03-16
15-00619	D8	2015-02-13
15-00620	D8	2015-02-17
15-00621	D8	2015-02-19
15-00622	D8	2015-02-20
15-00624	D8	2015-02-25
15-00625	D8	2015-02-26
15-00626	D8	2015-03-09
15-00627	D8	2015-03-12
15-00629	D8	2015-03-16
15-00630	D8	2015-03-20
15-00631	D8	2015-03-20
15-00632	D8	2015-03-20
15-00633	D8	2015-03-20
15-00639	D8	2015-03-22
15-00642	D8	2015-03-23
15-00643	D8	2015-03-20
15-00646	D8	2015-03-22
15-00647	D8	2015-03-23
15-00649	D8	2015-03-16
15-00650	D8	2015-03-24
15-00652	D8	2015-03-25
15-00660	D8	2015-03-25
15-00662	D8	2015-03-24
15-00664	D8	2015-03-24
15-00667	D8	2015-03-19
15-00668	D8	2015-03-19
15-00670	D8	2015-03-24
15-00671	D8	2015-03-23
15-00673	D8	2015-03-26
15-00676	D8	2015-03-21
15-00678	D8	2015-03-26
15-00679	D8	2015-03-25
15-00682	D8	2015-03-27
15-00685	D8	2015-03-26
15-00686	D8	2015-03-26
15-00694	D8	2015-03-26
15-00703	D8	2015-03-26
15-00704	D8	2015-03-30
15-00705	D8	2015-03-27
15-00709	D8	2015-03-28
15-00710	D8	2015-03-27
15-00711	D8	2015-03-27
15-00712	D8	2015-03-13
15-00716	D8	2015-03-24
15-00718	D8	2015-03-30
15-00721	D8	2015-04-02
15-00722	D8	2015-04-01
15-00723	D8	2015-04-01
15-00728	D8	2015-03-25
15-00729	D8	2015-03-25
15-00731	D8	2015-04-02
15-00733	D8	2015-03-25
15-00734	D8	2015-04-01
15-00735	D8	2015-03-29
15-00737	D8	2015-04-05
15-00739	D8	2015-04-06
15-00740	D8	2015-03-31
15-00742	D8	2015-04-06
15-00743	D8	2015-03-31
15-00744	D8	2015-04-02
15-00749	D8	2015-04-03
15-00751	D8	2015-04-02
15-00752	D8	2015-04-05
15-00753	D8	2015-04-03
15-00755	D8	2015-04-04
15-00756	D8	2015-04-04
15-00757	D8	2015-04-02
15-00758	D8	2015-04-05
15-00760	D8	2015-04-01
15-00765	D8	2015-04-07
15-00768	D8	2015-04-07
15-00769	D8	2015-04-05
15-00770	D8	2015-04-03
15-00772	D8	2015-04-03
15-00773	D8	2015-03-26
15-00777	D8	2015-04-08
15-00779	D8	2015-04-06
15-00782	D8	2015-04-09
15-00783	D8	2015-04-09
15-00785	D8	2015-04-09
15-00787	D8	2015-04-10
15-00788	D8	2015-04-10
15-00790	D8	2015-04-09
15-00795	D8	2015-04-13
15-00796	D8	2015-04-09
15-00797	D8	2015-04-11
15-00799	D8	2015-04-13
15-00800	D8	2015-04-11
15-00804	D8	2015-04-13
15-00808	D8	2015-04-08
15-00811	D8	2015-04-15
15-00812	D8	2015-04-15
15-00813	D8	2015-04-15
15-00814	D8	2015-04-12
15-00815	D8	2015-04-13
15-00817	D8	2015-04-16
15-00819	D8	2015-04-14
15-00825	D8	2015-04-15
15-00829	D8	2015-04-15
15-00831	D8	2015-04-16
15-00832	D8	2015-04-16
15-00833	D8	2015-04-16
15-00837	D8	2015-04-16
15-00838	D8	2015-04-17
15-00840	D8	2015-04-11
15-00844	D8	2015-04-19
15-00846	D8	2015-04-18
15-00847	D8	2015-04-20
15-00848	D8	2015-04-17
15-00851	D8	2015-04-19
15-00852	D8	2015-04-19
15-00853	D8	2015-04-19
15-00854	D8	2015-04-17
15-00859	D8	2015-04-22
15-00863	D8	2015-04-22
15-00870	D8	2015-04-21
15-00873	D8	2015-04-22
15-00875	D8	2015-04-22
15-00880	D8	2015-04-24
15-00884	D8	2015-04-23
15-00885	D8	2015-04-22
15-00886	D8	2015-04-22
15-00887	D8	2015-04-22
15-00900	D8	2015-04-25
15-00902	D8	2015-04-27
15-00904	D8	2015-04-28
15-00905	D8	2015-04-27
15-00907	D8	2015-04-28
15-00914	D8	2015-04-29
15-00916	D8	2015-04-29
15-00917	D8	2015-04-15
15-00921	D8	2015-04-20
15-00922	D8	2015-05-03
15-00926	D8	2015-05-02
15-00928	D8	2015-05-01
15-00942	D8	2015-05-01
15-00944	D8	2015-04-26
15-00945	D8	2015-05-05
15-00950	D8	2015-04-29
15-00956	B3	2015-05-06
15-00959	D8	2015-04-30
15-00964	D8	2015-05-07
15-00965	D8	2015-05-07
15-00966	D8	2015-05-07
15-00967	D8	2015-05-07
15-00976	D8	2015-05-07
15-00978	D8	2015-05-08
15-00979	D8	2015-05-11
15-00981	D8	2015-05-08
15-00983	D8	2015-05-08
15-01009	D8	2015-05-11
15-01013	D8	2015-05-11
15-01014	D8	2015-05-13
15-01015	D8	2015-05-14
15-01016	D8	2015-05-17
15-01020	D8	2015-05-12
15-01021	D8	2015-05-12
15-01022	D8	2015-05-11
15-01023	D8	2015-05-18
15-01024	D8	2015-05-14
15-01025	D8	2015-05-15
15-01033	D8	2015-05-18
15-01042	D8	2015-05-16
15-01043	D8	2015-05-13
15-01044	D8	2015-05-13
15-01047	D8	2015-05-20
15-01049	D8	2015-05-21
15-01050	D8	2015-05-21
15-01051	D8	2015-05-19
15-01052	D8	2015-05-21
15-01053	B3	2015-05-21
15-01056	D8	2015-05-20
15-01062	D8	2015-05-22
15-01067	D8	2015-05-27
15-01070	D8	2015-05-25
15-01072	D8	2015-05-25
15-01075	D8	2015-06-01
15-01081	D8	2015-05-31
15-01082	D8	2015-05-31
15-01083	D8	2015-05-30
15-01084	D8	2015-05-29
15-01085	D8	2015-05-30
15-01088	D8	2015-06-01
15-01091	D8	2015-06-02
15-01095	D8	2015-06-03
15-01097	D8	2015-06-03
15-01100	D8	2015-06-02
15-01106	D8	2015-06-03
15-01109	D8	2015-06-05
15-01138	D8	2015-06-12
15-01146	D8	2015-06-14
15-01166	D8	2015-06-19
15-01167	D8	2015-06-23
15-01178	D8	2015-06-25
15-01179	D8	2015-06-26
15-01185	D8	2015-06-29
15-01189	D8	2015-05-12
15-01195	D8	2015-07-03
15-01199	D8	2015-07-03
15-01200	D8	2015-07-03
15-01201	D8	2015-07-05
15-01204	D8	2015-07-02
15-01205	D8	2015-07-03
15-01207	D8	2015-06-30
15-01209	B3	2015-07-08
15-01212	D8	2015-07-06
15-01217	B3	2015-07-13
15-01247	D8	2015-07-10
15-01251	B3	2015-07-14
15-01255	B3	2015-07-15
15-01257	D8	2015-07-13
15-01258	D8	2015-07-13
15-01259	D8	2015-07-16
15-01261	D8	2015-07-20
15-01262	D8	2015-07-20
15-01264	D8	2015-07-22
15-01265	B3	2015-07-21
15-01266	B3	2015-07-21
15-01275	B3	2015-07-26
15-01281	D8	2015-07-27
15-01282	B3	2015-07-27
15-01283	B3	2015-07-28
15-01284	B3	2015-07-28
15-01296	D8	2015-08-05
15-01297	B3	2015-08-05
15-01302	D8	2015-08-12
15-01303	B3	2015-08-14
15-01312	D8	2015-08-20
15-01313	D8	2015-08-24
15-01321	B3	2015-08-31
15-01352	H1	2015-09-08
15-01353	H1	2015-09-10
15-01381	B3	2015-09-25
15-01420	D8	2015-10-08
15-01422	B3	2015-10-08
15-01423	B3	2015-10-08
15-01429	B3	2015-10-19
15-01430	B3	2015-10-19
15-01434	D8	2015-06-12
16-00012	H1	2016-01-10
16-00023	D8	2016-01-20
16-00037	D8	2016-01-27
16-00045	D8	2016-02-06
16-00046	D8	2016-02-06
16-00111	D8	2016-03-11
16-00112	D8	2016-03-11
16-00113	D8	2016-03-11
16-00120	D8	2016-03-04
16-00126	B3	2016-03-17
16-00132	D8	2016-03-23
16-00145	D8	2016-04-06
16-00151	B3	2016-04-12
16-00154	B3	2016-04-14
16-00197	B3	2016-04-25
16-00198	B3	2016-04-26
16-00202	D8	2016-04-16
16-00211	B3	2016-04-26
16-00213	B3	2016-04-27
16-00215	B3	2016-04-26
16-00219	B3	2016-04-29
16-00221	B3	2016-04-29
16-00229	B3	2016-05-02
16-00235	B3	2016-05-03
16-00237	B3	2016-05-06
16-00239	B3	2016-05-09
16-00240	B3	2016-05-04
16-00241	B3	2016-05-09
16-00244	B3	2016-05-10
16-00252	B3	2016-05-13
16-00253	B3	2016-05-13
16-00254	B3	2016-05-12
16-00261	B3	2016-05-14
16-00265	B3	2016-05-19
16-00270	D8	2016-05-17
16-00276	D8	2016-05-23
16-00277	D8	2016-05-22
16-00278	D8	2016-05-22
16-00279	B3	2016-05-23
16-00284	B3	2016-05-25
16-00285	B3	2016-05-27
16-00287	B3	2016-05-30
16-00288	B3	2016-05-31
16-00292	D8	2016-06-02
16-00298	B3	2016-06-02
16-00299	B3	2016-06-01
16-00301	B3	2016-06-01
16-00302	B3	2016-06-01
16-00305	D8	2016-06-02
16-00309	D8	2016-05-31
16-00310	B3	2016-06-01
16-00311	D8	2016-06-02
16-00312	D8	2016-05-30
16-00313	D8	2016-06-02
16-00317	D8	2016-06-02
16-00318	B3	2016-06-07
16-00322	B3	2016-06-08
16-00348	B3	2016-06-09
16-00349	D8	2016-06-03
16-00354	D8	2016-06-02
16-00371	D8	2016-06-16
16-00375	D8	2016-06-15
16-00380	D8	2016-06-18
16-00381	D8	2016-06-18
16-00382	D8	2016-06-17
16-00383	D8	2016-06-17
16-00390	D8	2016-06-13
16-00391	D8	2016-06-14
16-00392	D8	2016-06-16
16-00393	D8	2016-06-22
16-00402	D8	2016-06-17
16-00403	D8	2016-06-17
16-00407	D8	2016-06-26
16-00409	D8	2016-06-26
16-00413	D8	2016-06-17
16-00418	D8	2016-06-27
16-00420	D8	2016-06-28
16-00421	D8	2016-06-27
16-00428	D8	2016-07-02
16-00429	D8	2016-06-22
16-00436	D8	2016-07-05
16-00440	D8	2016-07-06
16-00444	D8	2016-07-08
16-00462	B3	2016-07-14
16-00467	D8	2016-07-20
16-00478	D8	2016-07-22
16-00479	D8	2016-07-23
16-00481	D8	2016-07-23
16-00495	D8	2016-07-27
16-00500	D8	2016-07-27
16-00508	D8	2016-08-01
16-00509	D8	2016-08-01
16-00510	D8	2016-07-27
16-00516	D8	2016-07-29
16-00517	D8	2016-07-29
16-00519	D8	2016-08-03
16-00522	D8	2016-08-03
16-00524	D8	2016-08-05
16-00528	D8	2016-08-08
16-00544	D8	2016-08-10
16-00560	D8	2016-08-16
16-00561	D8	2016-08-08
16-00564	D8	2016-08-17
16-00566	D8	2016-08-17
16-00567	D8	2016-08-17
16-00572	B3	2016-08-24
16-00574	D8	2016-08-28
16-00584	D8	2016-08-31
16-00591	D8	2016-09-07
16-00593	D8	2016-09-07
16-00594	D8	2016-08-31
16-00597	D8	2016-09-09
16-00613	D8	2016-09-16
16-00614	D8	2016-09-21
16-00616	H1	2016-09-21
16-00643	H1	2016-10-07
16-00646	D8	2016-10-09
16-00648	B3	2016-10-11
16-00655	D8	2016-09-27
16-00683	D8	2016-10-20
16-00685	B3	2016-10-25
16-00701	B3	2016-11-04
16-00707	B3	2016-11-07
16-00714	B3	2016-11-01
16-00757	B3	2016-11-17
16-00758	B3	2016-11-16
16-00759	D8	2016-11-17
16-00764	B3	2016-11-18
16-00774	B3	2016-11-20
16-00775	B3	2016-11-21
16-00776	D8	2016-11-18
16-00786	B3	2016-11-25
16-00787	B3	2016-11-26
16-00789	D8	2016-11-25
16-00792	B3	2016-11-29
16-00793	B3	2016-11-25
16-00795	B3	2016-11-28
16-00796	B3	2016-11-28
16-00809	B3	2016-12-30
16-00814	B3	2016-12-01
16-00815	B3	2016-12-01
16-00850	D8	2016-12-06
16-00851	B3	2016-12-16
16-00859	D8	2016-12-27
16-00860	B3	2016-12-23
17-00010	D8	2017-01-06
17-00012	D8	2017-01-06
17-00020	B3	2017-01-06
17-00022	B3	2017-01-09
17-00027	D8	2017-01-15
17-00040	B3	2017-01-16
17-00041	B3	2017-01-17
17-00042	B3	2017-01-13
17-00046	B3	2017-01-19
17-00050	B3	2017-01-13
17-00051	B3	2017-01-16
17-00052	B3	2017-01-17
17-00053	D8	2017-01-23
17-00056	D8	2017-01-24
17-00057	D8	2017-01-24
17-00058	D8	2017-01-24
17-00059	B3	2017-01-20
17-00060	B3	2017-01-20
17-00067	B3	2017-01-22
17-00078	B3	2017-01-25
17-00079	B3	2017-01-17
17-00083	D8	2017-01-30
17-00084	D8	2017-01-31
17-00088	D8	2017-01-31
17-00089	B3	2017-01-24
17-00090	B3	2017-01-26
17-00092	D8	2017-02-02
17-00094	D8	2017-02-03
17-00097	D8	2017-02-01
17-00103	D8	2017-02-03
17-00104	B3	2017-02-03
17-00105	D8	2017-02-01
17-00106	D8	2017-02-02
17-00107	D8	2017-02-02
17-00108	B3	2017-02-01
17-00109	D8	2017-02-01
17-00111	D8	2017-02-03
17-00113	D8	2017-02-06
17-00115	D8	2017-02-02
17-00117	D8	2017-02-07
17-00128	B3	2017-02-10
17-00129	B3	2017-02-09
17-00131	B3	2017-02-09
17-00149	B3	2017-01-27
17-00150	B3	2017-02-01
17-00151	B3	2017-02-02
17-00155	D8	2017-02-14
17-00157	D8	2017-02-15
17-00158	D8	2017-02-15
17-00160	B3	2017-02-08
17-00162	D8	2017-02-13
17-00163	D8	2017-02-14
17-00164	D8	2017-02-16
17-00165	B3	2017-02-17
17-00177	D8	2017-02-16
17-00179	D8	2017-02-17
17-00180	D8	2017-02-20
17-00184	D8	2017-02-20
17-00187	D8	2017-02-18
17-00188	D8	2017-02-20
17-00189	D8	2017-02-18
17-00191	D8	2017-02-22
17-00192	B3	2017-02-13
17-00200	D8	2017-02-15
17-00203	B3	2017-02-15
17-00216	D8	2017-02-21
17-00219	B3	2017-02-23
17-00221	B3	2017-02-23
17-00222	B3	2017-02-24
17-00230	D8	2017-02-27
17-00231	B3	2017-02-27
17-00238	D8	2017-02-27
17-00247	D8	2017-02-28
17-00254	D8	2017-02-28
17-00256	B3	2017-03-01
17-00257	B3	2017-03-01
17-00260	B3	2017-02-23
17-00263	B3	2017-03-01
17-00265	D8	2017-03-01
17-00266	D8	2017-03-07
17-00267	D8	2017-03-06
17-00269	D8	2017-03-03
17-00271	B3	2017-03-06
17-00274	B3	2017-03-06
17-00276	B3	2017-03-06
17-00277	B3	2017-03-06
17-00278	B3	2017-03-06
17-00281	B3	2017-03-07
17-00284	B3	2017-03-09
17-00287	B3	2017-03-08
17-00288	B3	2017-03-08
17-00292	D8	2017-03-08
17-00295	B3	2017-03-06
17-00297	B3	2017-03-05
17-00309	B3	2017-02-24
17-00310	B3	2017-02-26
17-00314	D8	2017-03-09
17-00321	D8	2017-03-13
17-00322	D8	2017-03-14
17-00327	D8	2017-03-14
17-00330	B3	2017-03-14
17-00332	D8	2017-03-14
17-00333	B3	2017-02-16
17-00334	B3	2017-03-14
17-00335	D8	2017-03-14
17-00336	B3	2017-03-14
17-00337	B3	2017-03-14
17-00344	B3	2017-03-14
17-00354	D8	2017-03-17
17-00355	D8	2017-03-20
17-00360	B3	2017-03-19
17-00361	D8	2017-03-12
17-00362	B3	2017-03-09
17-00364	B3	2017-03-17
17-00365	B3	2017-03-15
17-00366	B3	2017-03-15
17-00367	B3	2017-02-11
17-00368	B3	2017-03-09
17-00369	D8	2017-01-30
17-00371	D8	2017-03-21
17-00374	B3	2017-03-20
17-00375	B3	2017-03-22
17-00382	D8	2017-03-22
17-00391	D8	2017-03-22
17-00403	B3	2017-03-27
17-00404	B3	2017-03-27
17-00405	D8	2017-03-27
17-00411	D8	2017-03-27
17-00416	B3	2017-03-19
17-00421	D8	2017-03-30
17-00427	D8	2017-03-30
17-00448	B3	2017-04-06
17-00449	D8	2017-04-03
17-00466	B3	2017-04-08
17-00468	D8	2017-04-12
17-00471	D8	2017-04-04
17-00475	B3	2017-04-11
17-00477	D8	2017-04-12
17-00481	B3	2017-04-11
17-00487	B3	2017-04-07
17-00489	B3	2017-04-12
17-00490	B3	2017-03-22
17-00496	B3	2017-05-23
17-00497	B3	2017-04-24
17-00502	D8	2017-04-21
17-00507	D8	2017-04-24
17-00508	B3	2017-04-21
17-00512	B3	2017-04-25
17-00513	B3	2017-04-27
17-00515	B3	2017-04-26
17-00522	B3	2017-04-27
17-00523	B3	2017-04-27
17-00538	B3	2017-05-03
17-00544	B3	2017-05-04
17-00546	B3	2017-05-03
17-00547	B3	2017-05-03
17-00554	B3	2017-04-25
17-00555	B3	2017-05-05
17-00578	B3	2017-05-04
17-00581	D8	2017-05-08
17-00585	B3	2017-05-08
17-00602	B3	2017-05-05
17-00612	B3	2017-05-12
17-00616	D8	2017-05-11
17-00618	B3	2017-05-11
17-00626	B3	2017-05-08
17-00631	B3	2017-05-11
17-00632	B3	2017-05-10
17-00650	B3	2017-05-17
17-00655	B3	2017-05-15
17-00658	B3	2017-05-19
17-00659	B3	2017-04-20
17-00662	B3	2017-05-22
17-00665	B3	2017-05-23
17-00671	B3	2017-05-23
17-00675	B3	2017-05-23
17-00686	B3	2017-05-26
17-00688	B3	2017-05-29
17-00690	B3	2017-05-29
17-00698	B3	2017-05-29
17-00700	B3	2017-05-29
17-00710	B3	2017-05-31
17-00716	B3	2017-05-31
17-00717	B3	2017-05-31
17-00719	B3	2017-05-29
17-00720	B3	2017-05-31
17-00727	B3	2017-06-02
17-00730	B3	2017-05-30
17-00733	B3	2017-06-01
17-00737	B3	2017-05-31
17-00742	B3	2017-06-07
17-00749	D8	2017-06-05
17-00770	B3	2017-06-07
17-00812	B3	2017-06-13
17-00825	D8	2017-03-25
17-00830	B3	2017-06-19
17-00841	B3	2017-06-07
17-00895	D8	2017-07-10
17-00902	B3	2017-07-11
17-00909	B3	2017-07-13
17-00912	B3	2017-07-17
17-00913	B3	2017-07-19
17-00922	B3	2017-07-24
17-00928	B3	2017-07-27
17-00929	B3	2017-07-27
17-00931	B3	2017-07-27
17-00933	B3	2017-07-29
17-00934	B3	2017-07-28
17-00937	B3	2017-07-31
17-00938	B3	2017-07-28
17-00942	B3	2017-08-03
17-00944	B3	2017-08-02
17-00951	B3	2017-08-03
17-00960	B3	2017-08-04
17-00961	B3	2017-08-07
17-00962	B3	2017-08-09
17-00963	B3	2017-08-09
17-00965	B3	2017-07-31
17-00966	B3	2017-07-31
17-00967	B3	2017-08-04
17-00969	B3	2017-08-08
17-00981	B3	2017-08-10
17-00983	D8	2017-08-14
17-00986	B3	2017-08-16
17-00987	B3	2017-08-16
17-00988	B3	2017-08-14
17-00992	B3	2017-08-18
17-00995	D8	2017-08-10
17-00999	B3	2017-08-09
17-01000	B3	2017-08-11
17-01006	D8	2017-08-24
17-01021	B3	2017-08-28
17-01023	D8	2017-08-31
17-01024	B3	2017-08-31
17-01027	D8	2017-09-04
17-01029	D8	2017-09-04
17-01031	B3	2017-09-01
17-01032	B3	2017-09-05
17-01038	B3	2017-09-06
17-01041	B3	2017-09-06
17-01054	D8	2017-09-08
17-01071	D8	2017-09-26
17-01079	B3	2017-09-28
17-01148	D8	2017-10-26
17-01216	B3	2017-11-20
17-01217	B3	2017-11-20
17-01221	D8	2017-11-22
17-01263	D8	2017-12-01
17-01267	B3	2017-12-06
17-01272	B3	2017-11-29
17-01273	B3	2017-11-29
17-01277	B3	2017-12-13
17-01302	B3	2017-12-27
18-00001	B3	2017-12-28
18-00003	B3	2017-12-29
18-00004	B3	2017-12-27
18-00005	B3	2018-01-02
18-00013	D8	2018-01-03
18-00015	B3	2018-01-03
18-00030	B3	2018-01-10
18-00031	B3	2018-01-10
18-00038	B3	2018-01-16
18-00040	B3	2018-01-10
18-00047	D8	2018-01-19
18-00063	B3	2018-01-25
18-00068	D8	2018-01-19
18-00069	D8	2018-01-19
18-00086	D8	2018-02-01
18-00088	D8	2018-02-01
18-00090	B3	2018-01-31
18-00093	B3	2018-02-05
18-00097	B3	2018-02-07
18-00117	B3	2018-02-16
18-00118	B3	2018-02-15
18-00119	B3	2018-02-12
18-00124	B3	2018-02-22
18-00143	B3	2018-03-02
18-00147	B3	2018-03-08
18-00149	B3	2018-03-06
18-00151	B3	2018-03-08
18-00152	B3	2018-03-08
18-00156	B3	2018-03-09
18-00159	B3	2018-03-09
18-00166	B3	2018-03-07
18-00168	B3	2018-03-08
18-00170	B3	2018-03-15
18-00173	B3	2018-03-17
18-00177	D8	2018-03-20
18-00181	D8	2018-03-22
18-00183	B3	2018-03-22
18-00186	D8	2018-03-22
18-00187	D8	2018-03-20
18-00201	B3	2018-03-27
18-00211	D8	2018-03-30
18-00212	D8	2018-03-30
18-00213	D8	2018-03-30
18-00214	D8	2018-03-30
18-00217	D8	2018-03-28
18-00218	D8	2018-04-04
18-00219	D8	2018-04-04
18-00220	D8	2018-04-04
18-00221	B3	2018-04-05
18-00222	D8	2018-04-03
18-00223	B3	2018-04-04
18-00226	B3	2018-03-28
18-00230	B3	2018-04-04
18-00231	D8	2018-04-03
18-00233	D8	2018-04-09
18-00235	B3	2018-04-09
18-00236	B3	2018-04-09
18-00237	D8	2018-04-08
18-00252	D8	2018-04-09
18-00255	B3	2018-04-12
18-00259	B3	2018-04-12
18-00260	D8	2018-04-15
18-00263	D8	2018-04-16
18-00264	D8	2018-04-13
18-00265	B3	2018-04-16
18-00266	B3	2018-04-16
18-00268	D8	2018-04-16
18-00269	D8	2018-04-16
18-00278	D8	2018-04-19
18-00284	D8	2018-04-17
18-00286	B3	2018-04-22
18-00287	B3	2018-04-17
18-00288	B3	2018-04-20
18-00292	B3	2018-04-22
18-00296	B3	2018-04-23
18-00297	D8	2018-04-20
18-00298	B3	2018-04-25
18-00299	D8	2018-04-25
18-00312	B3	2018-04-25
18-00313	D8	2018-04-19
18-00314	B3	2018-04-20
18-00330	D8	2018-04-26
18-00332	D8	2018-04-25
18-00343	D8	2018-04-26
18-00344	B3	2018-04-26
18-00347	D8	2018-04-26
18-00348	D8	2018-04-26
18-00349	B3	2018-04-30
18-00352	D8	2018-04-03
18-00369	D8	2018-05-04
18-00371	D8	2018-05-03
18-00372	B3	2018-05-04
18-00373	B3	2018-05-04
18-00376	D8	2018-05-03
18-00377	D8	2018-05-04
18-00378	B3	2018-05-07
18-00379	B3	2018-05-07
18-00384	D8	2018-05-09
18-00388	D8	2018-05-08
18-00390	D8	2018-05-08
18-00395	B3	2018-05-08
18-00396	B3	2018-05-11
18-00397	D8	2018-05-14
18-00401	B3	2018-05-11
18-00402	B3	2018-05-11
18-00408	D8	2018-05-15
18-00413	D8	2018-05-17
18-00416	D8	2018-05-16
18-00431	D8	2018-05-19
18-00432	D8	2018-05-22
18-00433	D8	2018-05-19
18-00434	D8	2018-05-19
18-00449	D8	2018-05-22
18-00450	D8	2018-05-22
18-00460	D8	2018-05-25
18-00462	B3	2018-05-28
18-00476	D8	2018-06-01
18-00482	B3	2018-05-30
18-00484	D8	2018-06-06
18-00485	D8	2018-06-06
18-00490	D8	2018-06-04
18-00493	D8	2018-06-04
18-00495	D8	2018-06-04
18-00499	D8	2018-06-05
18-00500	D8	2018-06-04
18-00510	D8	2018-06-08
18-00513	D8	2018-06-07
18-00528	D8	2018-06-11
18-00529	D8	2018-05-22
18-00548	D8	2018-06-15
18-00549	D8	2018-06-13
18-00562	D8	2018-06-19
18-00564	D8	2018-06-21
18-00566	D8	2018-06-19
18-00572	D8	2018-06-22
18-00573	D8	2018-06-22
18-00580	D8	2018-06-25
18-00581	D8	2018-06-25
18-00583	D8	2018-06-15
18-00584	D8	2018-06-15
18-00585	D8	2018-06-15
18-00587	D8	2018-06-26
18-00592	D8	2018-06-26
18-00604	D8	2018-07-02
18-00609	D8	2018-06-30
18-00611	D8	2018-07-02
18-00612	D8	2018-06-29
18-00617	D8	2018-07-03
18-00619	D8	2018-06-30
18-00625	D8	2018-07-02
18-00637	D8	2018-07-06
18-00638	D8	2018-07-09
18-00642	D8	2018-07-09
18-00654	B3	2018-07-11
18-00660	D8	2018-07-11
18-00664	B3	2018-07-08
18-00666	D8	2018-07-16
18-00668	D8	2018-07-12
18-00678	D8	2018-07-20
18-00682	D8	2018-07-18
18-00686	D8	2018-07-25
18-00689	D8	2018-07-23
18-00692	D8	2018-07-30
18-00697	D8	2018-08-02
18-00699	D8	2018-08-01
18-00703	D8	2018-07-26
18-00705	D8	2018-07-31
18-00706	D8	2018-07-31
18-00713	D8	2018-08-10
18-00717	D8	2018-08-15
18-00731	D8	2018-08-20
18-00734	D8	2018-08-08
18-00735	D8	2018-08-09
18-00737	D8	2018-08-20
18-00739	D8	2018-08-23
18-00754	D8	2018-09-03
18-00755	D8	2018-09-06
18-00757	D8	2018-09-05
18-00762	D8	2018-09-06
18-00764	B3	2018-09-05
18-00768	D8	2018-09-06
18-00770	D8	2018-09-07
18-00771	D8	2018-09-11
18-00779	D8	2018-09-12
18-00781	D8	2018-09-18
18-00784	D8	2018-09-14
18-00788	D8	2018-09-20
18-00798	D8	2018-09-18
18-00803	D8	2018-09-25
18-00804	D8	2018-09-21
18-00805	D8	2018-09-21
18-00857	D8	2018-10-11
18-00862	D8	2018-09-28
18-00865	D8	2018-10-19
18-00899	B3	2018-10-23
18-00901	D8	2018-10-26
18-00914	D8	2018-11-07
18-00943	D8	2018-11-18
18-00949	D8	2018-04-04
18-00950	D8	2018-04-13
18-00952	D8	2018-05-02
18-00953	D8	2018-04-27
18-00957	D8	2018-11-19
18-00965	B3	2018-11-13
18-00986	D8	2018-12-04
18-00993	D8	2018-12-11
18-00994	D8	2018-12-11
19-00010	D8	2018-12-27
19-00012	D8	2018-12-23
19-00022	D8	2019-01-03
19-00023	D8	2019-01-03
19-00025	D8	2019-01-07
19-00037	D8	2019-01-14
19-00041	B3	2019-01-11
19-00042	D8	2019-01-09
19-00045	D8	2019-01-16
19-00046	D8	2019-01-14
19-00050	D8	2019-01-17
19-00051	D8	2019-01-17
19-00052	D8	2019-01-17
19-00053	D8	2019-01-17
19-00054	D8	2019-01-17
19-00055	D8	2019-01-17
19-00056	B3	2019-01-16
19-00057	D8	2019-01-16
19-00060	D8	2019-01-21
19-00061	D8	2019-01-21
19-00062	D8	2019-01-17
19-00064	D8	2019-01-17
19-00068	D8	2019-01-23
19-00076	B3	2019-01-24
19-00083	D8	2019-01-26
19-00086	D8	2019-01-22
19-00090	D8	2019-01-30
19-00091	D8	2019-01-25
19-00092	D8	2019-01-31
19-00094	D8	2019-01-30
19-00097	D8	2019-01-15
19-00103	D8	2019-02-01
19-00106	B3	2019-01-29
19-00108	D8	2019-01-14
19-00109	D8	2019-01-16
19-00110	D8	2019-02-06
19-00116	D8	2019-02-05
19-00125	D8	2019-02-13
19-00134	D8	2019-02-15
19-00144	D8	2019-02-13
19-00147	D8	2019-02-11
19-00148	D8	2019-02-07
19-00149	D8	2019-02-07
19-00150	B3	2019-02-08
19-00151	D8	2019-02-18
19-00160	D8	2019-02-21
19-00163	B3	2019-02-20
19-00168	D8	2019-02-25
19-00169	D8	2019-02-25
19-00171	D8	2019-02-25
19-00172	D8	2019-02-20
19-00173	D8	2019-02-25
19-00193	D8	2019-02-26
19-00195	D8	2019-02-18
19-00196	D8	2019-02-28
19-00203	D8	2019-03-01
19-00204	D8	2019-03-04
19-00211	D8	2019-02-20
19-00212	D8	2019-02-22
19-00218	B3	2019-03-05
19-00219	D8	2019-03-06
19-00220	D8	2019-03-06
19-00222	D8	2019-03-06
19-00223	D8	2019-03-07
19-00225	D8	2019-03-06
19-00226	D8	2019-03-05
19-00228	D8	2019-03-05
19-00241	D8	2019-03-07
19-00243	D8	2019-03-04
19-00245	D8	2019-03-08
19-00253	D8	2019-03-11
19-00254	D8	2019-03-09
19-00255	D8	2019-03-09
19-00257	D8	2019-03-11
19-00263	B3	2019-03-13
19-00264	D8	2019-03-13
19-00265	B3	2019-03-13
19-00266	B3	2019-03-12
19-00272	D8	2019-03-14
19-00278	B3	2019-03-14
19-00281	D8	2019-03-12
19-00282	D8	2019-03-15
19-00286	D8	2019-03-15
19-00288	D8	2019-03-14
19-00295	D8	2019-03-05
19-00297	D8	2019-03-05
19-00298	D8	2019-03-05
19-00302	D8	2019-03-06
19-00303	D8	2019-03-06
19-00304	D8	2019-03-06
19-00305	D8	2019-03-06
19-00306	B3	2019-03-06
19-00307	D8	2019-03-11
19-00308	D8	2019-03-14
19-00309	D8	2019-03-14
19-00310	D8	2019-03-14
19-00312	B3	2019-02-06
19-00315	D8	2019-02-27
19-00316	D8	2019-03-18
19-00317	B3	2019-01-23
19-00318	B3	2019-01-30
19-00319	B3	2019-02-01
19-00320	B3	2019-02-07
19-00337	D8	2019-03-21
19-00342	B3	2019-01-29
19-00348	D8	2019-03-22
19-00349	D8	2019-03-22
19-00352	D8	2019-03-22
19-00353	D8	2019-03-22
19-00355	B3	2019-03-19
19-00361	D8	2019-03-25
19-00365	D8	2019-03-20
19-00366	D8	2019-03-26
19-00367	D8	2019-03-24
19-00369	D8	2019-03-26
19-00373	D8	2019-03-22
19-00374	D8	2019-03-27
19-00380	D8	2019-03-27
19-00382	D8	2019-03-28
19-00383	D8	2019-03-28
19-00389	B3	2019-03-29
19-00390	D8	2019-03-29
19-00393	D8	2019-03-28
19-00401	D8	2019-03-29
19-00402	D8	2019-03-29
19-00404	D8	2019-03-30
19-00408	D8	2019-03-28
19-00411	D8	2019-03-27
19-00453	B3	2019-04-05
19-00460	D8	2019-04-05
19-00461	D8	2019-04-01
19-00471	D8	2019-04-08
19-00477	D8	2019-04-08
19-00487	B3	2019-04-09
19-00492	D8	2019-04-11
19-00497	D8	2019-03-16
19-00498	D8	2019-03-18
19-00499	D8	2019-03-19
19-00500	D8	2019-03-19
19-00503	D8	2019-03-20
19-00504	D8	2019-03-28
19-00506	D8	2019-04-04
19-00509	D8	2019-04-12
19-00513	D8	2019-04-15
19-00517	D8	2019-04-11
19-00532	D8	2019-04-18
19-00565	D8	2019-04-25
19-00566	D8	2019-04-09
19-00573	D8	2019-04-26
19-00578	B3	2019-04-25
19-00580	D8	2019-04-18
19-00585	B3	2019-04-24
19-00586	D8	2019-05-02
19-00590	B3	2019-04-30
19-00592	B3	2019-04-30
19-00601	B3	2019-05-08
19-00604	D8	2019-05-06
19-00609	D8	2019-05-07
19-00613	D8	2019-05-10
19-00630	D8	2019-05-13
19-00643	D8	2019-05-15
19-00647	D8	2019-04-11
19-00648	D8	2019-04-15
19-00649	D8	2019-04-15
19-00650	D8	2019-04-17
19-00651	D8	2019-04-18
19-00653	B3	2019-04-25
19-00654	D8	2019-04-30
19-00656	D8	2019-04-29
19-00657	D8	2019-05-02
19-00658	D8	2019-05-09
19-00675	B3	2019-05-20
19-00677	D8	2019-05-21
19-00679	D8	2019-05-21
19-00688	D8	2019-05-27
19-00690	B3	2019-05-28
19-00705	D8	2019-05-30
19-00706	D8	2019-05-29
19-00721	D8	2019-06-03
19-00722	B3	2019-06-03
19-00726	D8	2019-06-02
19-00766	D8	2019-06-11
19-00793	D8	2019-03-21
19-00796	D8	2019-06-17
19-00810	D8	2019-06-25
19-00813	D8	2019-06-21
19-00817	D8	2019-06-21
19-00819	B3	2019-06-28
19-00820	D8	2019-06-28
19-00825	B3	2019-06-29
19-00833	B3	2019-07-03
19-00834	B3	2019-07-04
19-00836	B3	2019-07-04
19-00839	D8	2019-07-05
19-00846	B3	2019-07-09
19-00860	D8	2019-07-16
19-00861	D8	2019-07-12
19-00874	B3	2019-07-11
19-00888	D8	2019-07-25
19-00936	D8	2019-07-25
19-00965	D8	2019-08-06
19-00966	D8	2019-08-06
19-00967	B3	2019-08-06
19-00969	D8	2019-08-07
19-00971	D8	2019-08-07
19-00980	D8	2019-08-13
19-00986	B3	2019-08-19
19-00994	B3	2019-08-19
19-01000	B3	2019-08-21
19-01006	B3	2019-08-27
19-01010	B3	2019-08-18
19-01011	D8	2019-08-26
19-01014	D8	2019-09-04
19-01015	D8	2019-09-03
19-01024	D8	2019-08-30
19-01034	D8	2019-09-03
19-01035	D8	2019-09-09
19-01056	D8	2019-09-17
19-01090	D8	2019-09-25
19-01092	D8	2019-09-17
19-01093	D8	2019-09-23
19-01094	D8	2019-09-23
19-01095	D8	2019-09-25
19-01096	D8	2019-09-24
19-01181	D8	2019-10-28
19-01183	D8	2019-10-28
19-01229	D8	2019-11-12
19-01292	D8	2019-11-22
19-01293	D8	2019-11-25
19-01295	D8	2019-11-27
19-01296	D8	2019-12-02
19-01319	B3	2019-12-05
19-01352	C2	2019-12-11
20-00029	D8	2020-01-09
20-00032	B3	2020-01-10
20-00033	B3	2020-01-13
20-00034	B3	2020-01-13
20-00050	D8	2020-01-17
20-00077	D8	2020-01-22
20-00079	B3	2020-01-21
20-00085	D8	2020-01-23
20-00086	D8	2020-01-21
20-00087	D8	2020-01-22
20-00088	D8	2020-01-23
20-00097	D8	2020-01-24
20-00098	D8	2020-01-24
20-00119	D8	2020-02-03
20-00120	D8	2020-02-03
20-00121	B3	2020-02-01
20-00128	D8	2020-01-31
20-00148	D8	2020-02-13
20-00149	D8	2020-02-13
20-00150	D8	2020-02-13
20-00167	D8	2020-02-19
20-00187	D8	2020-02-24
20-00193	D8	2020-02-26
20-00194	D8	2020-02-26
20-00200	D8	2020-02-27
20-00206	D8	2020-03-03
20-00207	D8	2020-02-28
20-00209	D8	2020-03-04
20-00221	D8	2020-03-06
20-00223	D8	2020-02-27
20-00224	D8	2020-03-05
20-00225	D8	2020-03-04
20-00290	D8	2020-03-12
21-00372	B3	2021-09-24
21-00373	B3	2021-09-26
21-00374	B3	2021-09-22
21-00544	B3	2021-12-21
21-00545	B3	2021-12-23
22-00052	B3	2022-02-10
22-00073	B3	2022-02-17
22-00081	B3	2022-02-16
22-00085	B3	2022-02-24
22-00554	D8	2022-11-24
22-00571	D8	2022-12-08
23-00179	D8	2023-03-13
23-00184	B3	2023-03-20
23-00229	D8	2023-04-14
23-00231	B3	2023-04-05
23-00249	D8	2023-04-27
23-00273	D8	2023-05-04
23-00276	D8	2023-04-26
23-00277	D8	2023-04-26
23-00291	B3	2023-05-02
23-00302	D8	2023-05-12
23-00303	D8	2023-05-12
23-00304	D8	2023-05-16
23-00310	D8	2023-05-15
23-00325	D8	2023-05-13
23-00392	D8	2023-05-31
23-00474	B3	2023-07-03
23-00475	B3	2023-07-03
23-00506	D8	2023-07-11
23-00541	D8	2023-07-28
23-00548	B3	2023-07-31
23-00549	B3	2023-08-02
23-00550	B3	2023-08-03
23-00551	B3	2023-08-02
23-00569	B3	2023-08-09
23-00571	B3	2023-08-14
23-00577	B3	2023-08-15
23-00625	D8	2023-08-31
23-00650	D8	2023-09-13
23-00689	D8	2023-09-23
23-00690	D8	2023-09-23
23-00695	D8	2023-09-27
23-00731	D8	2023-10-16
23-00735	D8	2023-10-18
23-00738	D8	2023-10-19
23-00768	D8	2023-10-30
23-00770	D8	2023-10-24
23-00773	D8	2023-10-25
23-00796	B3	2023-11-10
23-00802	B3	2023-11-10
23-00826	D8	2023-11-21
23-00827	D8	2023-11-21
23-00830	D8	2023-11-23
23-00885	D8	2023-12-13
24-00037	D8	2024-01-09
24-00044	D8	2024-01-16
24-00067	D8	2024-01-12
24-00069	D8	2024-01-18
24-00070	D8	2024-01-18
24-00072	D8	2024-01-18
24-00073	D8	2024-01-18
24-00080	D8	2024-01-18
24-00090	D8	2024-01-22
24-00094	D8	2024-01-25
24-00095	D8	2024-01-25
24-00098	D8	2024-01-25
24-00102	D8	2024-01-24
24-00113	D8	2024-01-30
24-00119	D8	2024-01-31
24-00120	D8	2024-01-31
24-00122	D8	2024-01-30
24-00131	D8	2024-01-29
24-00140	D8	2024-02-05
24-00148	D8	2023-12-31
24-00157	B3	2024-02-05
24-00158	D8	2024-02-09
24-00159	D8	2024-02-09
24-00167	D8	2024-02-13
24-00172	D8	2024-02-13
24-00173	D8	2024-02-12
24-00175	D8	2024-02-08
24-00176	D8	2024-02-12
24-00177	D8	2024-02-14
24-00178	D8	2024-02-06
24-00179	D8	2024-02-06
24-00185	D8	2024-01-26
24-00189	D8	2024-02-15
24-00195	D8	2024-02-19
24-00196	D8	2024-02-19
24-00198	D8	2024-02-19
24-00199	D8	2024-02-19
24-00200	D8	2024-02-19
24-00207	D8	2024-02-15
24-00208	D8	2024-02-19
24-00215	D8	2024-02-20
24-00217	D8	2024-02-19
24-00220	D8	2024-02-13
24-00221	D8	2024-02-12
24-00222	D8	2024-02-12
24-00227	D8	2024-02-20
24-00233	B3	2024-02-23
24-00240	D8	2024-02-21
24-00243	B3	2024-02-24
24-00244	D8	2024-02-26
24-00270	D8	2024-02-29
24-00275	D8	2024-02-07
24-00276	D8	2024-01-29
24-00302	D8	2024-03-01
24-00308	D8	2024-03-11
24-00309	D8	2024-03-11
24-00319	D8	2024-03-11
24-00321	D8	2024-03-11
24-00333	D8	2024-03-06
24-00334	D8	2024-03-07
24-00335	D8	2024-02-22
24-00341	D8	2024-03-18
24-00369	B3	2024-03-20
24-00387	D8	2024-03-20
24-00393	D8	2024-03-22
24-00394	D8	2024-03-21
24-00403	D8	2024-03-28
24-00407	B3	2024-04-03
24-00412	D8	2024-03-16
24-00418	D8	2024-04-04
24-00432	D8	2024-04-05
24-00435	D8	2024-04-07
24-00437	D8	2024-03-15
24-00441	D8	2024-04-08
24-00443	D8	2024-04-09
24-00445	D8	2024-04-07
24-00446	D8	2024-04-10
24-00448	D8	2024-04-08
24-00449	D8	2024-04-08
24-00451	D8	2024-04-08
24-00452	D8	2024-04-08
24-00455	D8	2024-04-06
24-00460	D8	2024-04-12
24-00461	D8	2024-04-12
24-00472	D8	2024-04-09
24-00473	D8	2024-04-12
24-00479	D8	2024-04-16
24-00481	D8	2024-04-12
24-00497	D8	2024-04-17
24-00511	D8	2024-04-19
24-00516	D8	2024-04-18
24-00520	D8	2024-04-18
24-00525	D8	2024-04-22
24-00528	D8	2024-04-19
24-00530	D8	2024-04-18
24-00540	D8	2024-04-15
24-00542	D8	2024-04-24
24-00545	D8	2024-04-21
24-00546	D8	2024-04-21
24-00549	D8	2024-04-19
24-00567	D8	2024-04-24
24-00570	D8	2024-04-23
24-00574	D8	2024-01-31
24-00575	D8	2024-04-04
24-00577	D8	2024-04-28
24-00580	D8	2024-04-23
24-00581	D8	2024-04-26
24-00584	D8	2024-05-01
24-00586	D8	2024-04-30
24-00589	D8	2024-04-26
24-00591	D8	2024-05-03
24-00597	D8	2024-05-02
24-00598	D8	2024-05-04
24-00599	D8	2024-05-04
24-00614	D8	2024-05-08
24-00624	D8	2024-05-03
24-00630	D8	2024-05-08
24-00631	D8	2024-05-13
24-00633	D8	2024-05-08
24-00641	D8	2024-04-11
24-00642	D8	2024-04-29
24-00643	D8	2024-04-29
24-00650	D8	2024-05-16
24-00656	D8	2024-05-15
24-00657	D8	2024-05-12
24-00660	D8	2024-05-17
24-00669	D8	2024-05-16
24-00676	D8	2024-05-12
24-00677	D8	2024-05-14
24-00678	D8	2024-05-15
24-00679	D8	2024-05-14
24-00680	D8	2024-05-15
24-00681	D8	2024-05-15
24-00684	D8	2024-05-14
24-00688	D8	2024-05-24
24-00695	D8	2024-05-22
24-00696	D8	2024-05-22
24-00698	D8	2024-05-21
24-00700	D8	2024-05-22
24-00701	D8	2024-05-22
24-00705	D8	2024-05-14
24-00706	D8	2024-05-21
24-00714	D8	2024-05-24
24-00717	D8	2024-05-20
24-00718	D8	2024-05-29
24-00722	D8	2024-05-22
24-00726	D8	2024-05-24
24-00731	D8	2024-05-31
24-00735	D8	2024-06-03
24-00740	D8	2024-06-06
24-00742	D8	2024-06-05
24-00746	D8	2024-06-06
24-00747	D8	2024-06-06
24-00748	D8	2024-06-06
24-00758	D8	2024-06-01
24-00759	D8	2024-06-04
24-00760	D8	2024-06-11
24-00761	D8	2024-06-07
24-00786	D8	2024-06-05
24-00792	D8	2024-06-14
24-00795	B3	2024-06-11
24-00796	D8	2024-05-21
24-00805	D8	2024-06-12
24-00806	D8	2024-06-12
24-00807	D8	2024-06-13
24-00811	D8	2024-06-14
24-00812	D8	2024-06-14
24-00849	D8	2024-06-22
24-00854	B3	2024-06-26
24-00867	B3	2024-06-27
24-00875	D8	2024-07-01
24-00876	D8	2024-07-01
24-00878	D8	2024-07-02
24-00885	D8	2024-06-26
24-00886	D8	2024-06-30
24-00887	D8	2024-06-30
24-00888	D8	2024-06-30
24-00897	D8	2024-06-03
24-00903	D8	2024-07-04
24-00908	D8	2024-07-08
24-00915	D8	2024-07-05
24-00917	B3	2024-07-06
24-00919	D8	2024-06-13
24-00928	D8	2024-07-11
24-00929	D8	2024-07-11
24-00930	D8	2024-07-11
24-00933	B3	2024-07-15
24-00938	D8	2024-07-12
24-00943	D8	2024-07-18
24-00945	D8	2024-07-18
24-00946	D8	2024-07-18
24-00948	D8	2024-07-18
24-00950	D8	2024-07-18
24-00952	D8	2024-07-18
24-00953	D8	2024-07-17
24-00961	D8	2024-07-15
24-00965	D8	2024-07-17
24-00994	D8	2024-07-23
24-01002	B3	2024-07-19
24-01030	D8	2024-07-31
24-01031	D8	2024-07-30
24-01034	D8	2024-07-31
24-01052	D8	2024-08-09
24-01058	B3	2024-08-12
24-01060	D8	2024-08-09
24-01062	D8	2024-07-31
24-01063	D8	2024-07-31
24-01065	D8	2024-07-31
24-01066	D8	2024-07-31
24-01078	D8	2024-08-21
24-01081	D8	2024-08-21
24-01082	D8	2024-08-21
24-01086	D8	2024-08-21
24-01088	D8	2024-08-21
24-01089	D8	2024-08-21
24-01091	D8	2024-08-14
24-01093	D8	2024-08-20
24-01098	D8	2024-08-23
24-01101	D8	2024-08-27
24-01104	D8	2024-08-27
24-01110	D8	2024-08-27
24-01111	D8	2024-08-27
24-01112	D8	2024-08-27
24-01113	D8	2024-08-27
24-01114	D8	2024-08-27
24-01116	D8	2024-08-27
24-01117	D8	2024-08-27
24-01118	D8	2024-08-28
24-01119	D8	2024-08-28
24-01120	D8	2024-08-27
24-01121	D8	2024-08-26
24-01122	D8	2024-08-26
24-01124	D8	2024-08-27
24-01130	D8	2024-08-28
24-01133	D8	2024-09-02
24-01135	D8	2024-08-30
24-01136	D8	2024-08-30
24-01139	D8	2024-08-30
24-01140	D8	2024-08-30
24-01142	D8	2024-08-26
24-01146	D8	2024-09-02
24-01149	D8	2024-09-02
24-01150	D8	2024-08-27
24-01151	D8	2024-08-27
24-01163	D8	2024-09-05
