OutbreakIdRecord,count
11070612.0,320
9814857.0,291
7245811.0,192
1270298.0,127
884486.0,115
9969346.0,110
5049080.0,98
947884.0,94
9943776.0,86
2958428.0,74
9076328.0,70
11790125.0,65
711836.0,60
4986132.0,54
9862421.0,50
59048356.0,50
8489118.0,48
2355531.0,48
6252460.0,46
4346437.0,46
2889010.0,44
3781561.0,44
255980.0,41
59513704.0,41
10417868.0,41
2578744.0,41
2615340.0,41
4986596.0,39
12478200.0,38
6479983.0,37
4456852.0,37
10621148.0,35
1297708.0,35
4544062.0,35
9055984.0,33
11277386.0,33
5895731.0,32
818843.0,32
11951541.0,31
256661.0,31
5291181.0,30
2987004.0,30
1012633.0,28
1319365.0,27
777809.0,27
893320.0,26
7196531.0,26
9767634.0,25
1318583.0,25
5063700.0,25
687833.0,25
59394987.0,25
12094383.0,24
2617616.0,23
4565212.0,23
798363.0,23
3113141.0,23
7873073.0,23
12642920.0,22
7837066.0,22
778387.0,22
10856635.0,22
2989374.0,21
798367.0,21
9163066.0,21
7999517.0,20
255679.0,20
7868419.0,20
10073370.0,19
904272.0,19
256438.0,19
902699.0,19
59296938.0,19
796580.0,19
255680.0,19
6132409.0,19
884128.0,18
3603237.0,18
255587.0,18
6095919.0,18
9145536.0,18
3738253.0,18
9444505.0,18
7836939.0,17
9199254.0,17
3092211.0,17
2381924.0,17
1578941.0,17
6095905.0,16
13277334.0,16
886487.0,16
9134118.0,16
776300.0,16
722745.0,16
9714919.0,16
4986131.0,16
7227866.0,15
10665105.0,15
7872373.0,15
6440606.0,15
843592.0,14
938139.0,14
3726360.0,14
11413508.0,14
4491083.0,14
4551706.0,14
8093280.0,14
3684401.0,14
820789.0,13
2977337.0,13
687497.0,13
4527456.0,13
7992170.0,13
4553613.0,13
7145158.0,13
698821.0,13
3781564.0,13
59394951.0,13
4040407.0,12
10045589.0,12
9106011.0,12
3033836.0,12
6468316.0,12
4577288.0,12
59284358.0,12
1436603.0,12
948427.0,12
255824.0,12
9730352.0,12
2547604.0,12
707559.0,12
9741576.0,12
58764136.0,12
8470442.0,12
9030587.0,11
1283025.0,11
256578.0,11
12279974.0,11
714594.0,11
9794635.0,11
9058524.0,11
11257025.0,11
714037.0,11
2660018.0,11
3040773.0,11
12552374.0,11
698832.0,11
3170168.0,11
3129346.0,11
6275842.0,11
58280374.0,10
5155618.0,10
11263592.0,10
796583.0,10
6603450.0,10
8021548.0,10
257824.0,10
4491939.0,10
3724080.0,10
3145391.0,10
9027743.0,10
4465313.0,10
11293995.0,10
4558021.0,10
2667099.0,10
2649621.0,10
58968040.0,9
9020672.0,9
2604105.0,9
8194754.0,9
11684560.0,9
8481541.0,9
256017.0,9
859348.0,9
3033827.0,9
58555598.0,9
687827.0,9
5352147.0,9
3130128.0,9
9715563.0,9
58742011.0,9
256437.0,9
5895752.0,9
12758888.0,9
7876512.0,9
4457848.0,9
7222930.0,9
4418803.0,9
2617599.0,9
2955444.0,9
258105.0,9
12204071.0,9
3213449.0,9
12261646.0,8
10660508.0,8
10077207.0,8
9012331.0,8
4586337.0,8
9592380.0,8
260991.0,8
59404886.0,8
6236068.0,8
9783020.0,8
3013583.0,8
10639200.0,8
256272.0,8
687830.0,8
3145553.0,8
259146.0,8
8979798.0,8
1303446.0,8
9190241.0,8
9767490.0,8
10026988.0,8
59393311.0,8
6482977.0,8
8013730.0,8
5933329.0,8
4457847.0,8
11165487.0,8
929454.0,8
2483119.0,8
4566846.0,8
9045875.0,8
9055938.0,8
57572226.0,8
8029032.0,8
4987837.0,8
8000344.0,8
259387.0,8
258522.0,8
10127802.0,7
9768309.0,7
6191796.0,7
9041901.0,7
9768404.0,7
9041431.0,7
9898647.0,7
59372651.0,7
2660000.0,7
59398993.0,7
5922992.0,7
3117895.0,7
59393088.0,7
9863116.0,7
4534378.0,7
4531014.0,7
6307828.0,7
10058814.0,7
10009137.0,7
5331213.0,7
2640965.0,7
4994274.0,7
3099687.0,7
7837362.0,7
1012651.0,7
8007991.0,7
12204069.0,7
11022322.0,7
11063521.0,7
8053693.0,7
11088121.0,7
11150189.0,7
7866798.0,7
8003017.0,7
11245767.0,7
6506973.0,7
3033831.0,7
8001877.0,7
7166683.0,7
899952.0,7
5317228.0,7
8476091.0,7
5331209.0,7
1308124.0,6
9911344.0,6
7844982.0,6
12815729.0,6
2929067.0,6
3250071.0,6
12102684.0,6
7862196.0,6
256301.0,6
6564334.0,6
7868707.0,6
57871001.0,6
3511482.0,6
7875636.0,6
262714.0,6
7884296.0,6
4479509.0,6
11404502.0,6
11357929.0,6
59311633.0,6
9146307.0,6
9678593.0,6
12495872.0,6
9753404.0,6
1360383.0,6
4500124.0,6
12517871.0,6
12478223.0,6
5276191.0,6
4500129.0,6
1585848.0,6
9836964.0,6
3164450.0,6
259311.0,6
59428879.0,6
9698331.0,6
5312118.0,6
5162261.0,6
6534682.0,6
2562323.0,6
12189603.0,6
9714834.0,6
12838929.0,6
9941664.0,6
59403712.0,6
256092.0,6
1543160.0,6
10057893.0,6
10026697.0,6
10058668.0,6
687714.0,6
8988467.0,6
9008554.0,6
875880.0,6
9741802.0,6
10661790.0,6
8012820.0,6
59188901.0,6
10853522.0,6
262124.0,6
2477200.0,6
3040766.0,6
2660019.0,6
6385887.0,6
698825.0,6
3033841.0,6
8959698.0,6
4613231.0,6
59316408.0,6
5166993.0,6
4570432.0,6
884131.0,6
262560.0,6
1952506.0,5
9610632.0,5
5271265.0,5
9617947.0,5
7271044.0,5
9007896.0,5
6427813.0,5
9585819.0,5
9649544.0,5
5300473.0,5
8033893.0,5
4624639.0,5
863812.0,5
5322164.0,5
4531719.0,5
9728911.0,5
8959481.0,5
6616817.0,5
1241836.0,5
1141727.0,5
4576502.0,5
929199.0,5
4540106.0,5
9126744.0,5
1195850.0,5
4572845.0,5
8007613.0,5
9024202.0,5
7861803.0,5
1556426.0,5
9039395.0,5
4567519.0,5
9038604.0,5
9040837.0,5
4572370.0,5
6276562.0,5
8001529.0,5
2509265.0,5
1425810.0,5
5203577.0,5
9020911.0,5
8042603.0,5
4565213.0,5
9335610.0,5
4624781.0,5
5216586.0,5
5178568.0,5
9000464.0,5
6601286.0,5
1003079.0,5
9007957.0,5
2549624.0,5
8025028.0,5
8030207.0,5
2955443.0,5
7862632.0,5
2667102.0,5
978308.0,5
8938462.0,5
846865.0,5
9916316.0,5
10018500.0,5
10147892.0,5
4402765.0,5
700744.0,5
259187.0,5
3543005.0,5
808002.0,5
12963495.0,5
9942890.0,5
9937516.0,5
11407545.0,5
11338526.0,5
9909418.0,5
14029035.0,5
10483723.0,5
9929462.0,5
2996898.0,5
11298300.0,5
10009693.0,5
10134390.0,5
798365.0,5
10018506.0,5
12160293.0,5
3065960.0,5
12196048.0,5
12228447.0,5
10048247.0,5
10067869.0,5
10046928.0,5
10070268.0,5
10063321.0,5
12239740.0,5
3168361.0,5
3937162.0,5
3168360.0,5
10941114.0,5
3019625.0,5
12789175.0,5
10026092.0,5
3118298.0,5
3166698.0,5
258416.0,5
261591.0,5
255810.0,5
59402100.0,5
10640602.0,5
3134727.0,5
258835.0,5
3113139.0,5
2987005.0,5
2980584.0,5
9790239.0,5
11184916.0,5
59289388.0,5
3611555.0,5
11088127.0,5
10634529.0,5
11030751.0,5
59565938.0,5
11284082.0,5
10733610.0,5
3104542.0,5
11022841.0,5
4494017.0,5
9780109.0,5
10997482.0,5
9845526.0,5
938870.0,4
10982783.0,4
7995868.0,4
965919.0,4
968751.0,4
3684402.0,4
8006845.0,4
7874616.0,4
12204083.0,4
3040798.0,4
7875758.0,4
980364.0,4
12110490.0,4
3603219.0,4
7875754.0,4
256747.0,4
946335.0,4
7878021.0,4
2649624.0,4
3671678.0,4
3685151.0,4
7993857.0,4
3066008.0,4
3621949.0,4
7995856.0,4
3696801.0,4
11356566.0,4
3040767.0,4
931043.0,4
3640623.0,4
7874618.0,4
8032420.0,4
11541853.0,4
11714404.0,4
11682470.0,4
928678.0,4
11794068.0,4
3019630.0,4
1093794.0,4
3066041.0,4
7837378.0,4
1387817.0,4
57339924.0,4
258719.0,4
258780.0,4
258962.0,4
58647128.0,4
1492305.0,4
58874307.0,4
6455313.0,4
6438788.0,4
258417.0,4
58923658.0,4
59002274.0,4
59033476.0,4
255945.0,4
59358623.0,4
59410321.0,4
6281105.0,4
6014357.0,4
6266874.0,4
686999.0,4
59410524.0,4
59429835.0,4
6241105.0,4
59481301.0,4
2420963.0,4
59538340.0,4
6146070.0,4
59827635.0,4
6544270.0,4
6576983.0,4
1345230.0,4
1149150.0,4
12204077.0,4
259414.0,4
7853112.0,4
3172603.0,4
7284410.0,4
3066011.0,4
3165538.0,4
3088478.0,4
12468011.0,4
7264086.0,4
12520543.0,4
3160355.0,4
3148024.0,4
3137044.0,4
13528240.0,4
5324273.0,4
3066052.0,4
778675.0,4
7167323.0,4
3081809.0,4
12841604.0,4
3130040.0,4
259354.0,4
3130422.0,4
13058487.0,4
1318571.0,4
16919331.0,4
13511500.0,4
9745580.0,4
10975848.0,4
687472.0,4
9921843.0,4
9156364.0,4
2958343.0,4
9865930.0,4
9896483.0,4
4586321.0,4
3040815.0,4
9932361.0,4
4481174.0,4
9930463.0,4
9968182.0,4
820934.0,4
9070889.0,4
9996272.0,4
9983748.0,4
4534394.0,4
2905758.0,4
9045537.0,4
10014161.0,4
9041577.0,4
10029087.0,4
3002971.0,4
9032367.0,4
10024659.0,4
9022233.0,4
745006.0,4
3019664.0,4
738133.0,4
4586253.0,4
2667094.0,4
4495075.0,4
9171019.0,4
4030200.0,4
9868299.0,4
3002977.0,4
9750450.0,4
800012.0,4
818288.0,4
4514602.0,4
9774032.0,4
9711973.0,4
9805977.0,4
810109.0,4
9790243.0,4
9784925.0,4
9791354.0,4
4495101.0,4
9792710.0,4
2987006.0,4
9784897.0,4
9787419.0,4
9607364.0,4
2987008.0,4
9855035.0,4
9401565.0,4
785602.0,4
9348943.0,4
9831280.0,4
791477.0,4
9896490.0,4
9244285.0,4
808057.0,4
9206060.0,4
10040350.0,4
9790298.0,4
10641815.0,4
10080627.0,4
261332.0,4
908939.0,4
4607772.0,4
883861.0,4
10097982.0,4
8978041.0,4
8336172.0,4
907088.0,4
8476494.0,4
8477905.0,4
262125.0,4
907856.0,4
8964886.0,4
10629832.0,4
3770996.0,4
10162350.0,4
262448.0,4
687831.0,4
8931366.0,4
10223672.0,4
8898683.0,4
8082743.0,4
895477.0,4
8072875.0,4
2631426.0,4
4586334.0,4
10720347.0,4
10731103.0,4
3033839.0,4
10083983.0,4
722754.0,4
4725127.0,4
10058673.0,4
2603710.0,4
261372.0,4
4766995.0,3
3108052.0,3
5368751.0,3
3113120.0,3
5357917.0,3
4611580.0,3
4537239.0,3
3684403.0,3
4650475.0,3
5379518.0,3
6047655.0,3
5973548.0,3
4624621.0,3
5962330.0,3
3108866.0,3
3128827.0,3
4531019.0,3
3117894.0,3
3652071.0,3
3138287.0,3
5121438.0,3
3679393.0,3
3671664.0,3
4496082.0,3
4040406.0,3
5346703.0,3
3713452.0,3
4259508.0,3
4284492.0,3
4178824.0,3
4284491.0,3
4561978.0,3
3147215.0,3
3698999.0,3
4613230.0,3
4585186.0,3
4231706.0,3
5255577.0,3
4548352.0,3
5240142.0,3
3176894.0,3
3210406.0,3
4133217.0,3
3200597.0,3
4568501.0,3
3172080.0,3
3180097.0,3
4040362.0,3
3147212.0,3
3150625.0,3
3125709.0,3
3148025.0,3
5178605.0,3
5346702.0,3
4572358.0,3
4561961.0,3
3620020.0,3
4605771.0,3
3568752.0,3
3117896.0,3
3274284.0,3
4534393.0,3
4560794.0,3
3138288.0,3
5345986.0,3
3750220.0,3
3901759.0,3
4598070.0,3
4418795.0,3
3243077.0,3
4597126.0,3
4289007.0,3
257931.0,3
6150185.0,3
10042391.0,3
10043041.0,3
10049274.0,3
10055701.0,3
10067879.0,3
10078701.0,3
10097963.0,3
10095187.0,3
10110250.0,3
10110306.0,3
10107930.0,3
10148472.0,3
10212779.0,3
10158748.0,3
10376249.0,3
10542049.0,3
10622231.0,3
10631657.0,3
10634069.0,3
10704464.0,3
10748412.0,3
10754825.0,3
11002834.0,3
11012266.0,3
11075756.0,3
11138699.0,3
11183537.0,3
11182284.0,3
11232431.0,3
11216528.0,3
10068972.0,3
10048231.0,3
6183330.0,3
10044806.0,3
9797248.0,3
9797291.0,3
9790376.0,3
9812156.0,3
9783042.0,3
9833374.0,3
9976958.0,3
9856683.0,3
9893559.0,3
9926637.0,3
9930060.0,3
9943877.0,3
9917197.0,3
9945730.0,3
9966089.0,3
9977085.0,3
9979579.0,3
9992757.0,3
9999233.0,3
10014564.0,3
10012314.0,3
10019054.0,3
10011441.0,3
10006670.0,3
10009491.0,3
10020507.0,3
10035455.0,3
10070245.0,3
10031160.0,3
11286574.0,3
11286562.0,3
11270515.0,3
11265963.0,3
12731877.0,3
12720327.0,3
12755129.0,3
12760114.0,3
12796765.0,3
12804272.0,3
12807289.0,3
12808296.0,3
12820565.0,3
12839016.0,3
12824197.0,3
12959746.0,3
12935191.0,3
13037586.0,3
13120861.0,3
57755374.0,3
58268654.0,3
58780976.0,3
59040838.0,3
60420552.0,3
59150080.0,3
59171638.0,3
59338624.0,3
59424242.0,3
59841833.0,3
59509904.0,3
59619064.0,3
59629854.0,3
59655928.0,3
12631621.0,3
12711705.0,3
12499546.0,3
12123524.0,3
11261988.0,3
11308466.0,3
11322524.0,3
11426750.0,3
11436279.0,3
11496013.0,3
11563505.0,3
11591227.0,3
11593393.0,3
11623095.0,3
12111155.0,3
12114479.0,3
12131634.0,3
12165961.0,3
12335717.0,3
12162917.0,3
12151995.0,3
12168239.0,3
12237660.0,3
12180220.0,3
12217629.0,3
12221219.0,3
12239547.0,3
12243946.0,3
12293201.0,3
12323798.0,3
12321061.0,3
12342549.0,3
9769472.0,3
9770903.0,3
9797334.0,3
8088688.0,3
7279173.0,3
7296629.0,3
7852964.0,3
7845706.0,3
7857488.0,3
7873843.0,3
7844979.0,3
7844736.0,3
7844738.0,3
7862192.0,3
7984404.0,3
7881834.0,3
7884300.0,3
7880237.0,3
7999529.0,3
7983610.0,3
8004396.0,3
7999495.0,3
7995113.0,3
7994636.0,3
8000793.0,3
8037980.0,3
8022592.0,3
8031390.0,3
8033823.0,3
8039337.0,3
8045438.0,3
8077189.0,3
8074980.0,3
7299837.0,3
7242592.0,3
7264841.0,3
6391382.0,3
6183329.0,3
6195018.0,3
6190230.0,3
6200832.0,3
6204233.0,3
6229002.0,3
6245251.0,3
6226842.0,3
6265658.0,3
6277671.0,3
6285426.0,3
6289915.0,3
6298104.0,3
6439554.0,3
7289636.0,3
6430063.0,3
6439546.0,3
6471435.0,3
6474311.0,3
6479985.0,3
6564625.0,3
6544262.0,3
7161033.0,3
7259541.0,3
7163278.0,3
7188951.0,3
7222352.0,3
7243311.0,3
8078755.0,3
8121847.0,3
9770940.0,3
8323058.0,3
9078866.0,3
9066851.0,3
9062570.0,3
9064370.0,3
9065422.0,3
9067063.0,3
9094066.0,3
9089006.0,3
9129549.0,3
9142966.0,3
9149189.0,3
9138607.0,3
9146082.0,3
9149421.0,3
9155483.0,3
9184390.0,3
9224458.0,3
9270126.0,3
9343826.0,3
9406392.0,3
9525193.0,3
9641713.0,3
9642899.0,3
9654200.0,3
9658443.0,3
9683052.0,3
9779999.0,3
9753449.0,3
9753861.0,3
9057180.0,3
9041478.0,3
9042321.0,3
9002990.0,3
8552297.0,3
8573520.0,3
8961716.0,3
8894741.0,3
8928014.0,3
8945341.0,3
8973911.0,3
8993941.0,3
8998061.0,3
8991870.0,3
8975728.0,3
8991108.0,3
9020612.0,3
9013987.0,3
9037166.0,3
9019994.0,3
9006433.0,3
9020639.0,3
9006212.0,3
3104515.0,3
9013218.0,3
9020754.0,3
9016958.0,3
9024163.0,3
9026468.0,3
9026477.0,3
9042602.0,3
9038254.0,3
3093337.0,3
6603447.0,3
3118295.0,3
3160867.0,3
259460.0,3
2987000.0,3
2986977.0,3
2949114.0,3
2934479.0,3
820929.0,3
975574.0,3
687863.0,3
2929124.0,3
874428.0,3
820931.0,3
1499438.0,3
2842187.0,3
256743.0,3
980473.0,3
260177.0,3
2688727.0,3
2667100.0,3
2640967.0,3
1003081.0,3
260358.0,3
257773.0,3
2667097.0,3
2975468.0,3
825840.0,3
2975469.0,3
260182.0,3
3040799.0,3
256274.0,3
3040811.0,3
828082.0,3
687722.0,3
259256.0,3
3092700.0,3
828103.0,3
687876.0,3
939409.0,3
3019620.0,3
3033844.0,3
259388.0,3
929661.0,3
828094.0,3
3019577.0,3
3002953.0,3
3019601.0,3
3002951.0,3
825686.0,3
926341.0,3
947179.0,3
794334.0,3
1036359.0,3
809055.0,3
2472660.0,3
1513697.0,3
773421.0,3
2494981.0,3
2494983.0,3
2477202.0,3
776060.0,3
1546700.0,3
2438668.0,3
2509264.0,3
2477201.0,3
760276.0,3
2549617.0,3
2420961.0,3
1581493.0,3
2515880.0,3
2381920.0,3
775992.0,3
745716.0,3
1755415.0,3
1970243.0,3
1952672.0,3
808026.0,3
738309.0,3
764512.0,3
807975.0,3
737378.0,3
799006.0,3
2667086.0,3
795043.0,3
1287485.0,3
737371.0,3
698849.0,3
1302058.0,3
1292781.0,3
1335868.0,3
707552.0,3
722461.0,3
785490.0,3
800138.0,3
2660016.0,3
782391.0,3
2581344.0,3
722767.0,3
800008.0,3
738111.0,3
2530350.0,3
1513453.0,3
2549620.0,3
3160866.0,3
1795919.0,3
834655.0,3
3065996.0,3
886150.0,3
686998.0,3
688154.0,3
854932.0,3
928648.0,3
3040864.0,3
3054843.0,3
256268.0,3
891461.0,3
874817.0,3
878868.0,3
3064869.0,3
907382.0,3
3056972.0,3
874801.0,3
885213.0,3
3081804.0,3
3078116.0,3
844654.0,3
258696.0,3
258519.0,3
3073284.0,3
3075372.0,3
259353.0,3
258793.0,3
843616.0,3
258521.0,3
3078101.0,3
255986.0,3
3078100.0,3
884124.0,3
256273.0,3
884405.0,3
3081803.0,3
916990.0,3
258721.0,3
256269.0,3
884106.0,3
9775194.0,2
860343.0,2
9850604.0,2
9941929.0,2
9797341.0,2
787652.0,2
875650.0,2
9819886.0,2
8996210.0,2
854861.0,2
810317.0,2
800000.0,2
9784863.0,2
9013235.0,2
799997.0,2
770361.0,2
800004.0,2
9783859.0,2
772781.0,2
9837536.0,2
788345.0,2
787680.0,2
8931292.0,2
9833367.0,2
897560.0,2
790444.0,2
9792255.0,2
9780104.0,2
9781564.0,2
9784814.0,2
790449.0,2
9968567.0,2
798372.0,2
9992802.0,2
9836878.0,2
9784894.0,2
776015.0,2
9782905.0,2
9770936.0,2
798373.0,2
10122292.0,2
9748332.0,2
9770993.0,2
798362.0,2
9744213.0,2
9745569.0,2
8905838.0,2
9744161.0,2
8894817.0,2
9734433.0,2
9735539.0,2
9758177.0,2
810058.0,2
9748345.0,2
790482.0,2
9771280.0,2
9013538.0,2
9011993.0,2
9775060.0,2
895588.0,2
9777485.0,2
9781624.0,2
9763589.0,2
9004494.0,2
9957008.0,2
9760800.0,2
9759509.0,2
9948497.0,2
9757726.0,2
9780146.0,2
854849.0,2
9753347.0,2
9943875.0,2
9833411.0,2
9812274.0,2
9918444.0,2
8974337.0,2
9930101.0,2
776071.0,2
9921045.0,2
9925072.0,2
8980593.0,2
9979698.0,2
8987006.0,2
9893243.0,2
9930133.0,2
9925130.0,2
884861.0,2
884116.0,2
9941777.0,2
800018.0,2
9948834.0,2
9948530.0,2
9782797.0,2
9907267.0,2
9927676.0,2
8949120.0,2
9976989.0,2
8966556.0,2
809109.0,2
9917191.0,2
9939109.0,2
9930650.0,2
787390.0,2
886514.0,2
9966747.0,2
777795.0,2
8962572.0,2
9893130.0,2
8970085.0,2
800047.0,2
9893192.0,2
9868161.0,2
8984012.0,2
787713.0,2
9869418.0,2
788619.0,2
9821577.0,2
9863206.0,2
9836832.0,2
800025.0,2
9979836.0,2
9823280.0,2
9806024.0,2
8984040.0,2
9950968.0,2
9836994.0,2
9803539.0,2
10081881.0,2
8992275.0,2
798371.0,2
808059.0,2
9878061.0,2
9854948.0,2
9950136.0,2
9893687.0,2
8967193.0,2
9941699.0,2
800060.0,2
9908678.0,2
9945746.0,2
8995890.0,2
9893702.0,2
9868222.0,2
9840764.0,2
9853704.0,2
9843472.0,2
846206.0,2
9031593.0,2
808051.0,2
9052355.0,2
9024089.0,2
860340.0,2
9022208.0,2
9044696.0,2
859277.0,2
9059950.0,2
828106.0,2
9051793.0,2
9044220.0,2
828108.0,2
9053346.0,2
9061122.0,2
9048369.0,2
9048380.0,2
9033253.0,2
9079857.0,2
9020994.0,2
9033083.0,2
9020133.0,2
9048385.0,2
9021265.0,2
9051795.0,2
9022287.0,2
9076413.0,2
9023535.0,2
9069312.0,2
9066927.0,2
9021179.0,2
828091.0,2
9072556.0,2
9061231.0,2
9061499.0,2
9049164.0,2
9060831.0,2
9060840.0,2
9075204.0,2
828085.0,2
9058503.0,2
9012819.0,2
9040445.0,2
9038267.0,2
9040367.0,2
9025386.0,2
846198.0,2
9029315.0,2
9035979.0,2
9034087.0,2
831557.0,2
9038584.0,2
9032366.0,2
9028359.0,2
9039416.0,2
9038761.0,2
9021253.0,2
9029358.0,2
9019318.0,2
9024236.0,2
9026896.0,2
9020171.0,2
899946.0,2
9023996.0,2
842954.0,2
9036213.0,2
858792.0,2
9022189.0,2
9040444.0,2
9024007.0,2
9038334.0,2
9030858.0,2
9038716.0,2
9035967.0,2
9031680.0,2
9039438.0,2
820956.0,2
9040402.0,2
9026544.0,2
9029297.0,2
9021011.0,2
9030595.0,2
834769.0,2
9031554.0,2
9088647.0,2
9065637.0,2
9673949.0,2
9302970.0,2
9454353.0,2
9397183.0,2
9013452.0,2
9909399.0,2
9402722.0,2
9406049.0,2
808708.0,2
9321372.0,2
9293453.0,2
9110398.0,2
9182458.0,2
832847.0,2
807304.0,2
844234.0,2
9019990.0,2
9008646.0,2
9156490.0,2
9165271.0,2
9020676.0,2
9459847.0,2
9459850.0,2
9498953.0,2
9671471.0,2
828422.0,2
808649.0,2
854854.0,2
9654750.0,2
9020079.0,2
9011280.0,2
9630339.0,2
842417.0,2
9625163.0,2
9599136.0,2
9587542.0,2
9020720.0,2
9610110.0,2
9008029.0,2
9562337.0,2
9504507.0,2
820912.0,2
9024228.0,2
9019923.0,2
9125404.0,2
821343.0,2
9110145.0,2
9011540.0,2
9110037.0,2
9102816.0,2
9090697.0,2
9110591.0,2
834781.0,2
9080315.0,2
9020830.0,2
9012879.0,2
9110246.0,2
9071312.0,2
9024040.0,2
9008671.0,2
9089641.0,2
9063476.0,2
9025290.0,2
13217374.0,2
9154765.0,2
9020875.0,2
9147761.0,2
818054.0,2
9146077.0,2
9011727.0,2
9018108.0,2
814455.0,2
9144178.0,2
843385.0,2
10080545.0,2
843737.0,2
820883.0,2
9133561.0,2
9140792.0,2
9127663.0,2
9121670.0,2
9123991.0,2
9115199.0,2
9144063.0,2
10046801.0,2
9979661.0,2
12720336.0,2
12672403.0,2
12777090.0,2
686994.0,2
12705188.0,2
709168.0,2
12679429.0,2
687715.0,2
12565335.0,2
12615081.0,2
778680.0,2
12263216.0,2
259319.0,2
12516313.0,2
12398936.0,2
259322.0,2
12327418.0,2
12327085.0,2
12337573.0,2
12690800.0,2
12331139.0,2
12750559.0,2
12768297.0,2
259320.0,2
12704210.0,2
12912541.0,2
12912539.0,2
259355.0,2
12866149.0,2
12846544.0,2
12824453.0,2
12841680.0,2
12835066.0,2
12827501.0,2
12801741.0,2
259050.0,2
712164.0,2
12819800.0,2
12799849.0,2
12797437.0,2
712168.0,2
12771440.0,2
12718266.0,2
12732588.0,2
12292134.0,2
12238670.0,2
9984607.0,2
11906933.0,2
687400.0,2
12167823.0,2
12127356.0,2
12160498.0,2
12114482.0,2
12093937.0,2
259508.0,2
256570.0,2
687721.0,2
259507.0,2
12215818.0,2
259571.0,2
11648815.0,2
11650875.0,2
687879.0,2
11536724.0,2
11524152.0,2
11436525.0,2
11425997.0,2
11392196.0,2
12144282.0,2
12157055.0,2
12157073.0,2
12166567.0,2
12221248.0,2
12208384.0,2
12200792.0,2
12208385.0,2
12228048.0,2
12237661.0,2
687877.0,2
12212714.0,2
12197123.0,2
12190908.0,2
12185876.0,2
12178642.0,2
12208381.0,2
12193594.0,2
12173645.0,2
12178658.0,2
12184751.0,2
12196629.0,2
12164418.0,2
12872639.0,2
12888852.0,2
12904127.0,2
59284540.0,2
258351.0,2
59304234.0,2
59297941.0,2
59318361.0,2
59360019.0,2
255988.0,2
258356.0,2
59326314.0,2
59294204.0,2
59283128.0,2
258963.0,2
59223910.0,2
59202843.0,2
59185775.0,2
256144.0,2
59172814.0,2
59157974.0,2
59174147.0,2
59139977.0,2
59126564.0,2
59320080.0,2
59402796.0,2
259350.0,2
59389505.0,2
60180569.0,2
60163337.0,2
688445.0,2
60102362.0,2
59711021.0,2
255759.0,2
686996.0,2
686995.0,2
59495754.0,2
258301.0,2
59418940.0,2
687000.0,2
259348.0,2
259349.0,2
258254.0,2
687002.0,2
687001.0,2
255663.0,2
59373304.0,2
59105838.0,2
59126202.0,2
59112712.0,2
258904.0,2
13389161.0,2
13375379.0,2
686993.0,2
14116234.0,2
13232712.0,2
13150561.0,2
258862.0,2
13055511.0,2
13047182.0,2
13019137.0,2
13021226.0,2
13017808.0,2
12976901.0,2
12973016.0,2
12956750.0,2
12954319.0,2
12936002.0,2
12923048.0,2
12918376.0,2
13476117.0,2
13467361.0,2
59057769.0,2
13492847.0,2
259352.0,2
59002280.0,2
58994605.0,2
258520.0,2
258523.0,2
687004.0,2
58700538.0,2
60421722.0,2
58727331.0,2
60420531.0,2
258703.0,2
58335595.0,2
687659.0,2
58171568.0,2
58122734.0,2
58077080.0,2
57755362.0,2
258702.0,2
57532205.0,2
11378600.0,2
11354405.0,2
11349479.0,2
738113.0,2
10045471.0,2
10061947.0,2
10044588.0,2
738100.0,2
10060559.0,2
10047542.0,2
10062593.0,2
10072561.0,2
10152098.0,2
10043059.0,2
10086278.0,2
10041963.0,2
10036567.0,2
10027198.0,2
738108.0,2
738120.0,2
10039052.0,2
10026849.0,2
10051614.0,2
10041975.0,2
10067325.0,2
741223.0,2
714042.0,2
10155346.0,2
707569.0,2
10088835.0,2
10087460.0,2
10095094.0,2
10080557.0,2
10085440.0,2
10103079.0,2
10081293.0,2
10078713.0,2
10073489.0,2
10079536.0,2
706680.0,2
10058832.0,2
709162.0,2
10066772.0,2
10097147.0,2
891560.0,2
10077246.0,2
10061495.0,2
735860.0,2
10026836.0,2
10060627.0,2
10018357.0,2
10046878.0,2
10015319.0,2
9979608.0,2
800023.0,2
9999090.0,2
9988945.0,2
10058524.0,2
9971499.0,2
10009604.0,2
10006729.0,2
9980313.0,2
10012772.0,2
9999169.0,2
9979646.0,2
764911.0,2
9964816.0,2
891565.0,2
9998761.0,2
10021045.0,2
10024920.0,2
10004342.0,2
10044526.0,2
800040.0,2
10042054.0,2
10039531.0,2
741216.0,2
10032105.0,2
10026864.0,2
10006352.0,2
10018419.0,2
775961.0,2
10020505.0,2
10009624.0,2
10004312.0,2
10006854.0,2
8889465.0,2
10004383.0,2
10009158.0,2
745612.0,2
10023869.0,2
10046868.0,2
10014279.0,2
10097959.0,2
10104504.0,2
11334921.0,2
259998.0,2
11128183.0,2
259904.0,2
260052.0,2
687680.0,2
259928.0,2
11063620.0,2
11125835.0,2
11016260.0,2
260048.0,2
11045679.0,2
10090500.0,2
10832623.0,2
10804335.0,2
260865.0,2
10824339.0,2
10768599.0,2
10807312.0,2
10766572.0,2
10731930.0,2
10699622.0,2
11127865.0,2
11175924.0,2
11184892.0,2
11183503.0,2
11323596.0,2
11328072.0,2
11408597.0,2
11289782.0,2
11295797.0,2
11408591.0,2
11284580.0,2
259699.0,2
11264463.0,2
11238563.0,2
11263216.0,2
11257709.0,2
11273740.0,2
11201985.0,2
11224746.0,2
11209975.0,2
11203962.0,2
11190062.0,2
11210079.0,2
10688000.0,2
261165.0,2
688302.0,2
687829.0,2
10402442.0,2
10252606.0,2
10212410.0,2
10176893.0,2
10164128.0,2
698816.0,2
10165607.0,2
10149810.0,2
698852.0,2
10124860.0,2
10119931.0,2
10130091.0,2
10123220.0,2
10139278.0,2
10128336.0,2
705470.0,2
10117544.0,2
10295495.0,2
10117565.0,2
262484.0,2
10590651.0,2
10655438.0,2
10595339.0,2
10668755.0,2
10641877.0,2
10654308.0,2
10660252.0,2
832832.0,2
10656603.0,2
10631759.0,2
261783.0,2
687764.0,2
262206.0,2
262352.0,2
262395.0,2
262199.0,2
10631616.0,2
10631715.0,2
10625451.0,2
10621027.0,2
10612116.0,2
10634077.0,2
8879898.0,2
9090117.0,2
60178578.0,2
1498328.0,2
4369548.0,2
1513445.0,2
4500127.0,2
1513442.0,2
3033835.0,2
6428423.0,2
6394168.0,2
6408384.0,2
4422126.0,2
3002952.0,2
3019671.0,2
3019661.0,2
3012217.0,2
3019662.0,2
1513449.0,2
6432164.0,2
3064871.0,2
4539299.0,2
1484036.0,2
6518790.0,2
6529028.0,2
1401060.0,2
6525777.0,2
4274462.0,2
6525804.0,2
1412905.0,2
6502213.0,2
1442147.0,2
1538788.0,2
1521594.0,2
1497971.0,2
1498317.0,2
6472986.0,2
1513428.0,2
6313562.0,2
1564257.0,2
1362834.0,2
1589486.0,2
4485854.0,2
6245250.0,2
1624511.0,2
6229005.0,2
1639394.0,2
4514608.0,2
2987007.0,2
6226841.0,2
6202569.0,2
2975470.0,2
6198336.0,2
6189040.0,2
2007168.0,2
2987087.0,2
4489841.0,2
6231924.0,2
1606798.0,2
4495099.0,2
6235240.0,2
1564330.0,2
1528725.0,2
1547779.0,2
1529294.0,2
1547163.0,2
6282577.0,2
6313564.0,2
1586313.0,2
1564305.0,2
4506422.0,2
6265657.0,2
6254322.0,2
3040774.0,2
1582478.0,2
6248160.0,2
6610055.0,2
4249030.0,2
3033840.0,2
4008812.0,2
4008808.0,2
1070061.0,2
7853587.0,2
7853369.0,2
7837394.0,2
7279180.0,2
4022657.0,2
7296618.0,2
4013421.0,2
7264850.0,2
7287439.0,2
7295499.0,2
7272871.0,2
3019618.0,2
1059836.0,2
7837364.0,2
7853375.0,2
1107036.0,2
3997385.0,2
998942.0,2
7869250.0,2
3752030.0,2
3781566.0,2
3770995.0,2
1520011.0,2
3770994.0,2
3033842.0,2
7863323.0,2
7853336.0,2
3851978.0,2
7845719.0,2
3900411.0,2
3975559.0,2
3993984.0,2
3033837.0,2
3056967.0,2
1368317.0,2
4594663.0,2
7139593.0,2
4175032.0,2
1296758.0,2
1327238.0,2
1351754.0,2
1351209.0,2
257821.0,2
4190573.0,2
6582622.0,2
3019144.0,2
1350847.0,2
6564335.0,2
6575649.0,2
3019627.0,2
6530324.0,2
7166539.0,2
4070591.0,2
4022685.0,2
7264816.0,2
7221910.0,2
7242593.0,2
1190582.0,2
1251071.0,2
1249743.0,2
7199674.0,2
7209001.0,2
4070634.0,2
4135289.0,2
4080488.0,2
1287489.0,2
7196557.0,2
7196556.0,2
4070590.0,2
4080424.0,2
6194416.0,2
6190228.0,2
6183583.0,2
2592869.0,2
4661878.0,2
4553749.0,2
4668500.0,2
4650474.0,2
2624679.0,2
2905829.0,2
4634324.0,2
3033843.0,2
2905769.0,2
4657518.0,2
4640963.0,2
2616505.0,2
4567520.0,2
2632591.0,2
2910783.0,2
2608915.0,2
4720890.0,2
2894169.0,2
4743801.0,2
2591390.0,2
5079378.0,2
5074070.0,2
2600215.0,2
5066314.0,2
4991818.0,2
5080060.0,2
4539314.0,2
2607918.0,2
5032422.0,2
4528554.0,2
2591246.0,2
4560799.0,2
2609655.0,2
4765496.0,2
4624636.0,2
4630307.0,2
6174062.0,2
4576529.0,2
2647253.0,2
4590243.0,2
4559888.0,2
2667101.0,2
4594670.0,2
4600996.0,2
4600997.0,2
4590241.0,2
2640825.0,2
4581242.0,2
2678515.0,2
4613229.0,2
4590240.0,2
4597140.0,2
4585583.0,2
4590227.0,2
4602672.0,2
4621303.0,2
4568460.0,2
2880640.0,2
4630309.0,2
4628748.0,2
4556280.0,2
4630308.0,2
2813800.0,2
4628236.0,2
2794595.0,2
4613232.0,2
4590232.0,2
4613234.0,2
2617132.0,2
2765623.0,2
4607767.0,2
4642684.0,2
2604071.0,2
2561512.0,2
5204005.0,2
4489154.0,2
6087955.0,2
6137599.0,2
2427962.0,2
5924793.0,2
2971238.0,2
2509266.0,2
5847253.0,2
4553751.0,2
5518579.0,2
5444823.0,2
5359741.0,2
4520199.0,2
2494982.0,2
5349005.0,2
2971237.0,2
4514585.0,2
2421774.0,2
4545941.0,2
6020108.0,2
2119388.0,2
6162183.0,2
4531731.0,2
2129648.0,2
2171479.0,2
6178131.0,2
6145692.0,2
4553750.0,2
6135310.0,2
6117166.0,2
6143890.0,2
6143837.0,2
2420960.0,2
6099786.0,2
6055986.0,2
2509255.0,2
2509263.0,2
2494973.0,2
5350289.0,2
5239583.0,2
2536020.0,2
2958430.0,2
2551251.0,2
2929071.0,2
2561515.0,2
5221235.0,2
5202570.0,2
4545947.0,2
2946157.0,2
5221776.0,2
2562626.0,2
5194207.0,2
2592870.0,2
4597129.0,2
2980019.0,2
2549618.0,2
5314743.0,2
2509256.0,2
2549619.0,2
2498693.0,2
4537236.0,2
5321870.0,2
2515882.0,2
3132935.0,2
5297465.0,2
2559577.0,2
5301016.0,2
2958429.0,2
2549613.0,2
5318667.0,2
2509267.0,2
5317932.0,2
3750221.0,2
1270645.0,2
1072842.0,2
8077795.0,2
1025252.0,2
8029239.0,2
8037974.0,2
909372.0,2
917060.0,2
8029871.0,2
8073963.0,2
8021550.0,2
8030716.0,2
3160354.0,2
3056970.0,2
3075404.0,2
3062361.0,2
8010429.0,2
3062354.0,2
3132931.0,2
8042414.0,2
8051460.0,2
3146808.0,2
8059733.0,2
3078106.0,2
3172091.0,2
8061435.0,2
8081568.0,2
8065203.0,2
8043749.0,2
3062355.0,2
8048037.0,2
8040950.0,2
8034557.0,2
8052029.0,2
900700.0,2
8059731.0,2
8029966.0,2
8029960.0,2
3081807.0,2
938930.0,2
3066009.0,2
3696839.0,2
8007635.0,2
8004404.0,2
3488105.0,2
3073282.0,2
920939.0,2
7983600.0,2
7995862.0,2
3602312.0,2
3040862.0,2
3084354.0,2
3626486.0,2
3605398.0,2
3053917.0,2
7999509.0,2
928135.0,2
7992301.0,2
916986.0,2
7999540.0,2
8065201.0,2
3062356.0,2
8000258.0,2
8006312.0,2
909382.0,2
3237923.0,2
8004091.0,2
8022210.0,2
919240.0,2
3088452.0,2
917222.0,2
917881.0,2
3136520.0,2
3066033.0,2
7882928.0,2
3147666.0,2
3106021.0,2
3097317.0,2
3104541.0,2
3081808.0,2
8476499.0,2
902162.0,2
3124441.0,2
3119371.0,2
3148656.0,2
8437124.0,2
3088482.0,2
8435285.0,2
3145556.0,2
3113124.0,2
8233152.0,2
3119383.0,2
8489360.0,2
8507897.0,2
8706741.0,2
3099585.0,2
3099582.0,2
3101534.0,2
3109442.0,2
8765585.0,2
3104484.0,2
3090238.0,2
8507939.0,2
8555024.0,2
8544479.0,2
3104573.0,2
3099587.0,2
8534641.0,2
3104572.0,2
3115847.0,2
8151117.0,2
8154280.0,2
3081797.0,2
8088682.0,2
8667530.0,2
3137041.0,2
3134739.0,2
3135367.0,2
8096052.0,2
3148819.0,2
8094672.0,2
3066010.0,2
8082722.0,2
8056414.0,2
3136007.0,2
8080085.0,2
8078676.0,2
8102575.0,2
8099064.0,2
8134172.0,2
8109839.0,2
3110030.0,2
8121860.0,2
901436.0,2
8108910.0,2
8109837.0,2
3077724.0,2
3122250.0,2
8087232.0,2
3129820.0,2
3088462.0,2
3088453.0,2
8093284.0,2
3140384.0,2
8090806.0,2
3624996.0,2
2651563.0,2
3696799.0,2
3668428.0,2
3708521.0,2
1009404.0,2
7861048.0,2
3056971.0,2
961221.0,2
7878017.0,2
3033832.0,2
7880721.0,2
3750219.0,2
3113123.0,2
3658523.0,2
3707479.0,2
3033830.0,2
8101043.0,2
3036619.0,2
7842395.0,2
3065964.0,2
3716760.0,2
974582.0,2
3701124.0,2
3724040.0,2
7862828.0,2
7845728.0,2
3658524.0,2
7845717.0,2
3040787.0,2
7863325.0,2
7865289.0,2
3033810.0,2
7884302.0,2
7885636.0,2
3752026.0,2
3653668.0,2
962036.0,2
7863314.0,2
3132930.0,2
7995845.0,2
7880229.0,2
967764.0,2
3040861.0,2
7868705.0,2
7846413.0,2
3705993.0,2
7994626.0,2
973695.0,2
1037832.0,2
3696800.0,2
2918218.0,1
701225.0,1
12900622.0,1
11312809.0,1
687113.0,1
11794939.0,1
59305730.0,1
59329204.0,1
701224.0,1
12755089.0,1
59276891.0,1
59358555.0,1
59380915.0,1
3679394.0,1
11271563.0,1
701230.0,1
59360739.0,1
701238.0,1
59316108.0,1
701236.0,1
12222967.0,1
257981.0,1
59444157.0,1
3066012.0,1
687865.0,1
12633793.0,1
3158522.0,1
12572351.0,1
12614640.0,1
11331615.0,1
11339401.0,1
12633246.0,1
701221.0,1
701220.0,1
701213.0,1
59293966.0,1
3134736.0,1
12547932.0,1
12652181.0,1
12871244.0,1
11303947.0,1
12609890.0,1
11293592.0,1
3081816.0,1
4531732.0,1
12754894.0,1
12613363.0,1
12848352.0,1
3129821.0,1
701239.0,1
4566877.0,1
701233.0,1
3993976.0,1
59292333.0,1
11324523.0,1
687132.0,1
11313558.0,1
259719.0,1
12877088.0,1
59427177.0,1
701123.0,1
59393087.0,1
687122.0,1
687119.0,1
2640972.0,1
259926.0,1
3104056.0,1
701129.0,1
11063113.0,1
4577954.0,1
257989.0,1
701130.0,1
12771680.0,1
701124.0,1
4586255.0,1
4561970.0,1
12754170.0,1
3065961.0,1
2765636.0,1
4576541.0,1
687153.0,1
2949140.0,1
10881007.0,1
12813825.0,1
4577287.0,1
10977659.0,1
10944034.0,1
59961550.0,1
687859.0,1
10872579.0,1
59916690.0,1
4613228.0,1
256138.0,1
10950059.0,1
687508.0,1
688524.0,1
701125.0,1
3099650.0,1
688356.0,1
2649622.0,1
59988854.0,1
258075.0,1
11111532.0,1
11148979.0,1
701235.0,1
3861004.0,1
3019621.0,1
11196666.0,1
3019351.0,1
259720.0,1
3128134.0,1
688506.0,1
701237.0,1
3685150.0,1
687116.0,1
4558024.0,1
11413781.0,1
688478.0,1
11347137.0,1
11229020.0,1
12643609.0,1
701234.0,1
701226.0,1
688507.0,1
3118293.0,1
59404145.0,1
3861006.0,1
701245.0,1
701122.0,1
11366101.0,1
3853608.0,1
687584.0,1
701247.0,1
687005.0,1
3110913.0,1
11162134.0,1
11154369.0,1
701246.0,1
4551705.0,1
11187246.0,1
687120.0,1
259717.0,1
4551702.0,1
778416.0,1
12896615.0,1
11425607.0,1
3075373.0,1
12286736.0,1
12177752.0,1
686992.0,1
3234077.0,1
13428610.0,1
3233607.0,1
58169323.0,1
701178.0,1
3653081.0,1
4514606.0,1
12256940.0,1
13154644.0,1
12254889.0,1
12169328.0,1
12255033.0,1
13168174.0,1
688443.0,1
701169.0,1
687403.0,1
256139.0,1
701217.0,1
12169334.0,1
12101821.0,1
13031218.0,1
12147624.0,1
12139554.0,1
3186201.0,1
701196.0,1
12275834.0,1
4481902.0,1
701173.0,1
12176927.0,1
687906.0,1
3208169.0,1
12157017.0,1
687401.0,1
701177.0,1
12285524.0,1
687496.0,1
3081805.0,1
57709851.0,1
4289006.0,1
778420.0,1
29561064.0,1
256178.0,1
12201736.0,1
687006.0,1
3013805.0,1
256176.0,1
3072220.0,1
687873.0,1
12233187.0,1
12223622.0,1
12204955.0,1
12231466.0,1
4289008.0,1
12213691.0,1
701181.0,1
13396966.0,1
687007.0,1
4321485.0,1
12217380.0,1
12201241.0,1
13269698.0,1
12180519.0,1
12177897.0,1
12187052.0,1
4450004.0,1
12205471.0,1
57655367.0,1
701175.0,1
701184.0,1
13309868.0,1
12206056.0,1
4369520.0,1
687402.0,1
701111.0,1
701159.0,1
32369699.0,1
32062722.0,1
4190628.0,1
701172.0,1
701110.0,1
12973376.0,1
687882.0,1
701218.0,1
59118932.0,1
701149.0,1
3178175.0,1
701206.0,1
11662577.0,1
3002999.0,1
701199.0,1
11645244.0,1
687112.0,1
4500136.0,1
701158.0,1
701170.0,1
701195.0,1
12495556.0,1
4501780.0,1
701219.0,1
12660309.0,1
4537235.0,1
59172610.0,1
59214069.0,1
3033838.0,1
12528750.0,1
259570.0,1
259572.0,1
701112.0,1
3019617.0,1
701186.0,1
701207.0,1
701214.0,1
12543582.0,1
701182.0,1
701211.0,1
59207607.0,1
3135295.0,1
12529266.0,1
12444918.0,1
12428255.0,1
701168.0,1
12441014.0,1
701198.0,1
12993532.0,1
687881.0,1
701187.0,1
701183.0,1
12180544.0,1
12794113.0,1
12280068.0,1
58936446.0,1
12300497.0,1
259386.0,1
58866729.0,1
12132188.0,1
3653074.0,1
13031200.0,1
3178187.0,1
12145686.0,1
13004285.0,1
59040206.0,1
59005520.0,1
3044622.0,1
59084710.0,1
60421699.0,1
12426365.0,1
4494014.0,1
256271.0,1
12970727.0,1
256020.0,1
3040764.0,1
12328055.0,1
3002989.0,1
3066027.0,1
12974370.0,1
12126631.0,1
12972265.0,1
701174.0,1
12107628.0,1
12208374.0,1
8891687.0,1
4586336.0,1
9084601.0,1
9110749.0,1
9200442.0,1
9110307.0,1
949545.0,1
7882037.0,1
954098.0,1
9129542.0,1
7864952.0,1
818461.0,1
959487.0,1
831965.0,1
7846423.0,1
959299.0,1
973612.0,1
9143384.0,1
820894.0,1
7862199.0,1
973620.0,1
9145891.0,1
9156171.0,1
9153784.0,1
829497.0,1
9197607.0,1
974576.0,1
9205788.0,1
9179369.0,1
808742.0,1
7870463.0,1
9078626.0,1
795027.0,1
9078246.0,1
919812.0,1
928143.0,1
826184.0,1
829296.0,1
831963.0,1
928141.0,1
9057531.0,1
831967.0,1
826182.0,1
926700.0,1
9063899.0,1
9060337.0,1
928203.0,1
8013741.0,1
929397.0,1
9061679.0,1
946491.0,1
938852.0,1
926678.0,1
928569.0,1
7869511.0,1
946470.0,1
829482.0,1
9087641.0,1
3235232.0,1
7993844.0,1
949543.0,1
810054.0,1
9207615.0,1
9197690.0,1
808726.0,1
9576554.0,1
808675.0,1
814348.0,1
9587930.0,1
9593582.0,1
9605079.0,1
8001097.0,1
808704.0,1
808716.0,1
1012645.0,1
808750.0,1
1040355.0,1
814352.0,1
1040947.0,1
808665.0,1
9694132.0,1
818099.0,1
808651.0,1
1040927.0,1
808662.0,1
1064572.0,1
808656.0,1
808684.0,1
808744.0,1
9803757.0,1
800027.0,1
1051613.0,1
9578016.0,1
9587528.0,1
9577054.0,1
810045.0,1
9228626.0,1
9539455.0,1
808045.0,1
810056.0,1
9262026.0,1
808640.0,1
987710.0,1
808756.0,1
808653.0,1
985035.0,1
808729.0,1
987714.0,1
9408555.0,1
9605786.0,1
9416105.0,1
9433962.0,1
808724.0,1
7879335.0,1
7855172.0,1
9481513.0,1
9481571.0,1
814350.0,1
9579184.0,1
808658.0,1
985019.0,1
9575745.0,1
8035710.0,1
8004395.0,1
9052417.0,1
8097914.0,1
8987012.0,1
874820.0,1
8998084.0,1
8986996.0,1
9058439.0,1
9063966.0,1
8981655.0,1
862586.0,1
900785.0,1
854840.0,1
893599.0,1
900642.0,1
8161773.0,1
8151116.0,1
9004737.0,1
8143290.0,1
8315773.0,1
9002957.0,1
8134173.0,1
843124.0,1
9020441.0,1
9006460.0,1
8107262.0,1
9020575.0,1
9003303.0,1
843121.0,1
8107877.0,1
9020511.0,1
8473283.0,1
862613.0,1
8939485.0,1
895248.0,1
9342012.0,1
8866196.0,1
8889487.0,1
907351.0,1
883851.0,1
8905889.0,1
9043397.0,1
8939481.0,1
8878549.0,1
8886724.0,1
8937349.0,1
899957.0,1
8478133.0,1
893509.0,1
8544385.0,1
884134.0,1
8965812.0,1
8498178.0,1
9020785.0,1
9020477.0,1
893590.0,1
8478095.0,1
900779.0,1
909062.0,1
875877.0,1
9020463.0,1
8096046.0,1
926083.0,1
843117.0,1
874823.0,1
829298.0,1
909045.0,1
912845.0,1
829293.0,1
917071.0,1
9029378.0,1
8011992.0,1
8034534.0,1
901992.0,1
909787.0,1
8042601.0,1
907971.0,1
9041093.0,1
9056346.0,1
854955.0,1
7882927.0,1
829316.0,1
826180.0,1
919492.0,1
8045969.0,1
9049850.0,1
9047490.0,1
7882880.0,1
820916.0,1
9064157.0,1
9056862.0,1
9065440.0,1
8023066.0,1
916987.0,1
843114.0,1
9021038.0,1
900635.0,1
900783.0,1
900781.0,1
9010052.0,1
8078675.0,1
8071131.0,1
900633.0,1
8068689.0,1
893601.0,1
8073709.0,1
8072160.0,1
9020740.0,1
907980.0,1
9034085.0,1
9026498.0,1
843586.0,1
901102.0,1
9052010.0,1
8054413.0,1
9030084.0,1
900640.0,1
8041734.0,1
9026471.0,1
928689.0,1
907974.0,1
1060202.0,1
1064551.0,1
4586252.0,1
10044556.0,1
10047653.0,1
738105.0,1
2578736.0,1
722460.0,1
5892398.0,1
722739.0,1
722741.0,1
10056945.0,1
714622.0,1
714029.0,1
4994298.0,1
4987883.0,1
10074161.0,1
4986133.0,1
10068133.0,1
10072209.0,1
825857.0,1
2649625.0,1
10081940.0,1
10092809.0,1
10077709.0,1
10077232.0,1
10083175.0,1
707571.0,1
4670475.0,1
10105735.0,1
707601.0,1
738073.0,1
10047087.0,1
7252772.0,1
5188009.0,1
10041972.0,1
10122385.0,1
10014264.0,1
5924798.0,1
9997613.0,1
776000.0,1
775997.0,1
10015329.0,1
738083.0,1
738088.0,1
738168.0,1
10014367.0,1
5357919.0,1
738097.0,1
5305607.0,1
771765.0,1
5357921.0,1
10062594.0,1
738142.0,1
738137.0,1
738102.0,1
10043969.0,1
10160545.0,1
10032503.0,1
10039550.0,1
8886750.0,1
738086.0,1
4650471.0,1
10321698.0,1
10144533.0,1
10098295.0,1
10738509.0,1
4619071.0,1
4630314.0,1
2640970.0,1
4598067.0,1
2631446.0,1
4598069.0,1
10633298.0,1
4598068.0,1
10675924.0,1
10675676.0,1
4612945.0,1
4591093.0,1
10671196.0,1
4579526.0,1
10661195.0,1
687319.0,1
10720320.0,1
4586254.0,1
261264.0,1
257204.0,1
10712415.0,1
260676.0,1
257202.0,1
687404.0,1
687615.0,1
10758973.0,1
4630342.0,1
262579.0,1
10524317.0,1
10142928.0,1
4650472.0,1
825854.0,1
10101574.0,1
4650473.0,1
4624637.0,1
10114229.0,1
4624620.0,1
4624635.0,1
10130141.0,1
698847.0,1
10136709.0,1
4630310.0,1
10165862.0,1
4613233.0,1
5025393.0,1
10163126.0,1
4586331.0,1
687832.0,1
10163651.0,1
687382.0,1
10166125.0,1
4634338.0,1
687381.0,1
10266360.0,1
687828.0,1
4605428.0,1
786179.0,1
2483120.0,1
10023797.0,1
9851410.0,1
788243.0,1
6523608.0,1
9790260.0,1
9784829.0,1
800078.0,1
9787306.0,1
9973705.0,1
9784847.0,1
1405676.0,1
790062.0,1
9812386.0,1
9833383.0,1
1434889.0,1
9906793.0,1
9815842.0,1
6480000.0,1
6474317.0,1
9850505.0,1
790441.0,1
9828569.0,1
9850185.0,1
9833235.0,1
800045.0,1
6428673.0,1
1505737.0,1
778710.0,1
6464538.0,1
6538308.0,1
1351207.0,1
800066.0,1
900768.0,1
9758156.0,1
1104548.0,1
795033.0,1
795050.0,1
7195910.0,1
7195895.0,1
795046.0,1
1252415.0,1
9828507.0,1
795041.0,1
790477.0,1
790479.0,1
7188964.0,1
6596420.0,1
9779981.0,1
9760458.0,1
800021.0,1
7167351.0,1
1287487.0,1
7161005.0,1
1292784.0,1
807102.0,1
797773.0,1
9800522.0,1
9780150.0,1
818684.0,1
776089.0,1
9840674.0,1
9994284.0,1
6428691.0,1
777222.0,1
6245116.0,1
776093.0,1
776048.0,1
9925205.0,1
6242805.0,1
9960924.0,1
777220.0,1
6261499.0,1
9985438.0,1
6226843.0,1
9979481.0,1
6207129.0,1
6242806.0,1
6204221.0,1
6242815.0,1
6200622.0,1
6200636.0,1
2055221.0,1
808016.0,1
9971351.0,1
771737.0,1
6164123.0,1
9987051.0,1
10047799.0,1
9992449.0,1
6094342.0,1
9925391.0,1
6237797.0,1
9942973.0,1
6413287.0,1
6432169.0,1
800051.0,1
6417409.0,1
776082.0,1
9855172.0,1
6408029.0,1
9851361.0,1
6408028.0,1
9941820.0,1
9868331.0,1
6417408.0,1
6397559.0,1
6397192.0,1
9938467.0,1
6390790.0,1
776046.0,1
6299811.0,1
6290434.0,1
9941418.0,1
786186.0,1
6267940.0,1
776091.0,1
9939338.0,1
776063.0,1
6252103.0,1
6254888.0,1
5199049.0,1
