SequenceName,ClusterNumber,type,date
11-00417,1,G3,2011-05-04
11-00410,1,G3,2011-05-04
11-00415,1,G3,2011-05-04
11-00250,1,G3,2011-03-28
11-00251,1,G3,2011-03-28
11-00211,1,G3,2011-03-17
11-00201,1,G3,2011-03-15
11-00106,1,G3,2011-02-18
10-00500,1,G3,2010-10-05
09-00154,-1,H1,2009-03-20
15-01352,2,H1,2015-09-08
15-01353,2,H1,2015-09-10
16-00643,2,H1,2016-10-07
16-00616,2,H1,2016-09-21
14-00051,2,H1,2014-02-13
16-00012,2,H1,2016-01-10
09-00253,2,H1,2009-05-06
11-00282,2,H1,2011-04-06
19-01352,-1,C2,2019-12-11
05-01027,-1,B2,2005-10-27
01-02454,3,D6,2001-11-07
01-02451,3,D6,2001-11-05
01-02192,3,D6,2001-10-26
01-01964,3,D6,2001-10-12
01-00400,4,D6,2001-04-13
01-00653,4,D6,2001-04-24
01-00394,4,D6,2001-04-11
01-00215,4,D6,2001-03-08
00-05622,4,D6,2000-12-25
01-00111,4,D6,2001-01-30
01-00025,4,D6,2001-01-15
03-03738,-1,D6,2003-11-26
00-05243,5,D6,2000-07-23
00-05261,5,D6,2000-08-09
00-05235,5,D6,2000-07-16
00-05203,5,D6,2000-06-21
00-04956,5,D6,2000-05-18
00-02769,5,D6,2000-03-20
01-01227,5,D6,2001-07-06
00-04913,5,D6,2000-04-26
00-04957,5,D6,2000-05-18
03-03660,6,C2,2003-07-23
03-03644,6,C2,2003-07-02
03-03643,6,C2,2003-07-01
03-03627,6,C2,2003-06-16
03-00380,6,C2,2003-05-08
03-00255,6,C2,2003-02-27
03-00257,6,C2,2003-02-26
03-00251,6,C2,2003-02-24
03-00243,6,C2,2003-02-17
03-00242,6,C2,2003-02-17
03-00241,6,C2,2003-02-17
03-00234,6,C2,2003-02-14
03-00212,6,C2,2003-01-28
03-00203,6,C2,2003-01-16
03-00096,6,C2,2003-01-15
03-00186,6,C2,2003-01-15
03-00187,6,C2,2003-01-15
03-00178,6,C2,2003-01-14
03-00182,6,C2,2003-01-14
03-00183,6,C2,2003-01-14
03-00181,6,C2,2003-01-14
03-00177,6,C2,2003-01-14
03-00179,6,C2,2003-01-14
03-00176,6,C2,2003-01-14
03-00188,6,C2,2003-01-14
03-00173,6,C2,2003-01-10
02-02218,6,C2,2002-12-23
02-02212,6,C2,2002-12-09
02-02200,6,C2,2002-12-04
02-02019,6,C2,2002-11-11
00-05239,7,C2,2000-07-20
00-05252,7,C2,2000-08-03
00-05238,7,C2,2000-07-18
00-05226,7,C2,2000-07-06
00-04961,7,C2,2000-05-22
00-04959,7,C2,2000-05-19
00-04946,7,C2,2000-05-09
00-04938,7,C2,2000-05-04
00-04933,7,C2,2000-05-02
00-04928,7,C2,2000-05-02
00-04932,7,C2,2000-05-02
00-04929,7,C2,2000-05-01
00-04914,7,C2,2000-04-26
00-04919,7,C2,2000-04-26
00-04917,7,C2,2000-04-25
00-02824,7,C2,2000-04-17
00-02816,7,C2,2000-04-13
00-02804,7,C2,2000-04-06
00-02792,7,C2,2000-04-03
00-02773,7,C2,2000-03-23
00-02757,7,C2,2000-03-14
00-02699,7,C2,2000-03-04
00-00061,7,C2,2000-02-24
00-00043,7,C2,2000-02-21
00-05213,7,C2,2000-06-30
00-05039,7,C2,2000-06-15
00-05198,7,C2,2000-06-21
00-04948,7,C2,2000-05-11
00-04936,7,C2,2000-05-05
00-00049,7,C2,2000-02-18
00-02826,7,C2,2000-04-18
05-00239,-1,D6,2005-04-15
01-00321,-1,D6,2001-03-28
01-02449,-1,D6,2001-11-02
13-00779,8,D9,2013-10-22
13-00780,8,D9,2013-10-22
13-00778,8,D9,2013-10-22
14-00279,8,D9,2014-05-02
02-00711,-1,D5,2002-04-02
03-03674,9,D7,2003-09-04
03-03616,9,D7,2003-06-10
03-00351,9,D7,2003-04-15
03-00265,9,D7,2003-03-07
03-00266,9,D7,2003-03-07
02-01044,9,D7,2002-07-09
02-00944,9,D7,2002-06-18
02-00940,9,D7,2002-06-14
02-00934,9,D7,2002-06-12
02-00872,9,D7,2002-06-10
02-00865,9,D7,2002-05-27
02-00866,9,D7,2002-05-27
02-00860,9,D7,2002-05-24
02-00861,9,D7,2002-05-24
02-00857,9,D7,2002-05-23
02-00854,9,D7,2002-05-22
02-00855,9,D7,2002-05-22
02-00851,9,D7,2002-05-21
02-00858,9,D7,2002-05-21
02-00853,9,D7,2002-05-21
02-00852,9,D7,2002-05-21
02-00847,9,D7,2002-05-15
02-00843,9,D7,2002-05-14
02-00840,9,D7,2002-05-13
02-00841,9,D7,2002-05-13
02-00838,9,D7,2002-05-13
02-00845,9,D7,2002-05-13
02-00839,9,D7,2002-05-13
02-00846,9,D7,2002-05-13
02-00835,9,D7,2002-05-08
02-00836,9,D7,2002-05-08
02-00828,9,D7,2002-05-07
02-00837,9,D7,2002-05-07
02-00859,9,D7,2002-05-06
02-00829,9,D7,2002-05-06
02-00824,9,D7,2002-05-03
02-00820,9,D7,2002-05-02
02-00819,9,D7,2002-05-02
02-00825,9,D7,2002-05-02
02-00826,9,D7,2002-05-02
02-00821,9,D7,2002-04-30
02-00816,9,D7,2002-04-29
02-00813,9,D7,2002-04-29
02-00804,9,D7,2002-04-26
02-00812,9,D7,2002-04-26
02-00810,9,D7,2002-04-26
02-00809,9,D7,2002-04-25
02-00805,9,D7,2002-04-25
02-00807,9,D7,2002-04-25
02-00808,9,D7,2002-04-25
02-00799,9,D7,2002-04-23
02-00798,9,D7,2002-04-23
02-00797,9,D7,2002-04-23
02-00796,9,D7,2002-04-22
02-00800,9,D7,2002-04-22
02-00790,9,D7,2002-04-16
02-00791,9,D7,2002-04-16
02-00788,9,D7,2002-04-16
02-00755,9,D7,2002-04-15
02-00786,9,D7,2002-04-15
02-00752,9,D7,2002-04-11
02-00751,9,D7,2002-04-10
02-00735,9,D7,2002-04-09
02-00737,9,D7,2002-04-08
02-00730,9,D7,2002-04-04
02-00731,9,D7,2002-04-04
02-00733,9,D7,2002-04-04
02-00713,9,D7,2002-04-03
02-00729,9,D7,2002-04-03
02-00710,9,D7,2002-04-02
02-00716,9,D7,2002-04-02
02-00709,9,D7,2002-04-02
02-00715,9,D7,2002-04-02
02-00717,9,D7,2002-04-02
02-00708,9,D7,2002-03-31
02-00705,9,D7,2002-03-28
02-00706,9,D7,2002-03-28
02-00700,9,D7,2002-03-27
02-00703,9,D7,2002-03-26
02-00707,9,D7,2002-03-26
02-00683,9,D7,2002-03-22
02-00685,9,D7,2002-03-22
02-00684,9,D7,2002-03-22
02-00697,9,D7,2002-03-21
02-00682,9,D7,2002-03-21
02-00676,9,D7,2002-03-20
02-00679,9,D7,2002-03-20
02-00668,9,D7,2002-03-19
02-00660,9,D7,2002-03-18
02-00667,9,D7,2002-03-18
02-00672,9,D7,2002-03-18
02-00663,9,D7,2002-03-17
02-00659,9,D7,2002-03-17
02-00639,9,D7,2002-03-15
02-00641,9,D7,2002-03-15
02-00636,9,D7,2002-03-14
02-00637,9,D7,2002-03-14
02-00638,9,D7,2002-03-14
02-00658,9,D7,2002-03-14
02-00631,9,D7,2002-03-13
02-00633,9,D7,2002-03-12
02-00595,9,D7,2002-03-11
02-00596,9,D7,2002-03-11
02-00588,9,D7,2002-03-11
02-00590,9,D7,2002-03-10
02-00591,9,D7,2002-03-08
02-00582,9,D7,2002-03-07
02-00581,9,D7,2002-03-07
02-00586,9,D7,2002-03-06
02-00538,9,D7,2002-03-04
02-00542,9,D7,2002-03-03
02-00576,9,D7,2002-03-01
02-00531,9,D7,2002-02-28
02-00532,9,D7,2002-02-28
02-00529,9,D7,2002-02-28
02-00500,9,D7,2002-02-25
02-00533,9,D7,2002-02-25
02-00496,9,D7,2002-02-25
02-00497,9,D7,2002-02-25
02-00498,9,D7,2002-02-22
02-00486,9,D7,2002-02-21
02-00490,9,D7,2002-02-21
02-00445,9,D7,2002-02-20
02-00442,9,D7,2002-02-20
02-00492,9,D7,2002-02-20
02-00484,9,D7,2002-02-19
02-00449,9,D7,2002-02-19
02-00447,9,D7,2002-02-18
02-00446,9,D7,2002-02-18
02-00436,9,D7,2002-02-14
02-00435,9,D7,2002-02-14
02-00433,9,D7,2002-02-14
02-00411,9,D7,2002-02-13
02-00402,9,D7,2002-02-08
02-00365,9,D7,2002-02-06
02-00403,9,D7,2002-02-05
02-00356,9,D7,2002-02-01
02-00359,9,D7,2002-02-01
02-00357,9,D7,2002-01-31
02-00346,9,D7,2002-01-29
02-00348,9,D7,2002-01-29
02-00300,9,D7,2002-01-28
02-00301,9,D7,2002-01-28
02-00299,9,D7,2002-01-28
02-00296,9,D7,2002-01-25
02-00292,9,D7,2002-01-25
02-00293,9,D7,2002-01-23
02-00287,9,D7,2002-01-23
02-00290,9,D7,2002-01-22
02-00248,9,D7,2002-01-22
02-00246,9,D7,2002-01-18
02-00243,9,D7,2002-01-17
02-00245,9,D7,2002-01-17
02-00244,9,D7,2002-01-17
02-00192,9,D7,2002-01-15
02-00191,9,D7,2002-01-15
02-00184,9,D7,2002-01-10
02-00182,9,D7,2002-01-09
02-00175,9,D7,2002-01-03
02-00174,9,D7,2002-01-03
02-00002,9,D7,2001-12-27
01-02751,9,D7,2001-12-24
01-02733,9,D7,2001-12-22
01-02731,9,D7,2001-12-19
01-02725,9,D7,2001-12-17
01-02726,9,D7,2001-12-17
01-02690,9,D7,2001-12-12
01-02639,9,D7,2001-12-07
01-02636,9,D7,2001-12-06
01-02634,9,D7,2001-12-06
01-02627,9,D7,2001-12-03
01-02566,9,D7,2001-11-27
01-02606,9,D7,2001-11-27
01-02564,9,D7,2001-11-26
01-02563,9,D7,2001-11-25
01-02562,9,D7,2001-11-21
01-02524,9,D7,2001-11-15
01-02529,9,D7,2001-11-15
01-02518,9,D7,2001-11-12
01-02519,9,D7,2001-11-12
01-02693,9,D7,2001-11-11
01-02469,9,D7,2001-11-11
01-02191,9,D7,2001-10-26
01-02190,9,D7,2001-10-25
01-01965,9,D7,2001-10-12
01-01961,9,D7,2001-10-11
01-01921,9,D7,2001-10-04
01-01918,9,D7,2001-10-02
01-01917,9,D7,2001-10-02
01-01849,9,D7,2001-09-20
01-01815,9,D7,2001-09-05
01-01638,9,D7,2001-08-13
01-01641,9,D7,2001-08-13
01-01548,9,D7,2001-08-07
01-01546,9,D7,2001-08-03
01-01506,9,D7,2001-07-24
01-01256,9,D7,2001-07-09
01-01171,9,D7,2001-06-25
01-01169,9,D7,2001-06-25
01-01162,9,D7,2001-06-25
01-01065,9,D7,2001-06-18
01-01061,9,D7,2001-06-13
01-01055,9,D7,2001-06-11
01-00940,9,D7,2001-06-05
01-00939,9,D7,2001-06-05
01-00904,9,D7,2001-06-01
01-00903,9,D7,2001-06-01
01-00905,9,D7,2001-05-31
01-00875,9,D7,2001-05-29
01-00901,9,D7,2001-05-28
01-00872,9,D7,2001-05-28
01-00900,9,D7,2001-05-28
01-00850,9,D7,2001-05-23
01-00849,9,D7,2001-05-22
01-00873,9,D7,2001-05-21
01-00813,9,D7,2001-05-18
01-00806,9,D7,2001-05-14
01-00783,9,D7,2001-05-11
01-00777,9,D7,2001-05-10
01-00750,9,D7,2001-05-09
01-00776,9,D7,2001-05-09
01-00773,9,D7,2001-05-09
01-00747,9,D7,2001-05-09
01-00731,9,D7,2001-05-07
01-00809,9,D7,2001-05-07
01-00751,9,D7,2001-05-07
01-00734,9,D7,2001-05-06
01-00719,9,D7,2001-05-02
01-00663,9,D7,2001-04-27
01-00664,9,D7,2001-04-27
01-00660,9,D7,2001-04-23
01-00495,9,D7,2001-04-20
01-00399,9,D7,2001-04-13
01-00392,9,D7,2001-04-11
01-00377,9,D7,2001-04-04
01-00378,9,D7,2001-04-03
01-00336,9,D7,2001-03-30
01-00316,9,D7,2001-03-27
01-00314,9,D7,2001-03-27
01-00317,9,D7,2001-03-27
01-00320,9,D7,2001-03-26
01-00198,9,D7,2001-03-06
01-00184,9,D7,2001-02-27
01-00188,9,D7,2001-02-27
01-00171,9,D7,2001-02-14
01-00165,9,D7,2001-02-08
01-00162,9,D7,2001-02-07
01-00152,9,D7,2001-02-06
01-00118,9,D7,2001-02-01
01-00031,9,D7,2001-01-18
01-00119,9,D7,2001-02-01
00-05614,9,D7,2000-12-13
00-05615,9,D7,2000-12-13
00-05606,9,D7,2000-12-05
01-00028,9,D7,2001-01-15
00-05230,9,D7,2000-07-11
00-05211,9,D7,2000-06-29
00-05201,9,D7,2000-06-22
00-05035,9,D7,2000-06-13
00-04949,9,D7,2000-05-12
00-02833,9,D7,2000-04-18
00-02820,9,D7,2000-04-13
00-02798,9,D7,2000-04-06
00-02797,9,D7,2000-04-06
03-03622,9,D7,2003-06-10
03-03621,9,D7,2003-06-10
03-03619,9,D7,2003-06-11
03-03628,9,D7,2003-06-16
03-03617,9,D7,2003-06-09
03-03609,9,D7,2003-06-05
03-03603,9,D7,2003-06-02
03-03600,9,D7,2003-05-27
03-03599,9,D7,2003-05-26
03-00359,9,D7,2003-04-25
03-00306,9,D7,2003-04-03
03-00282,9,D7,2003-03-19
03-00283,9,D7,2003-03-17
03-00263,9,D7,2003-03-05
03-00253,9,D7,2003-02-25
03-00254,9,D7,2003-02-24
03-00239,9,D7,2003-02-18
03-00222,9,D7,2003-02-05
02-02211,9,D7,2002-12-10
02-00732,9,D7,2002-04-07
03-00236,9,D7,2003-02-17
00-02731,9,D7,2000-03-09
00-02730,9,D7,2000-03-09
00-02737,9,D7,2000-03-09
00-02733,9,D7,2000-03-09
00-02770,9,D7,2000-03-20
00-02761,9,D7,2000-03-20
00-02752,9,D7,2000-03-13
00-02732,9,D7,2000-03-09
00-02736,9,D7,2000-03-08
00-02735,9,D7,2000-03-08
00-02728,9,D7,2000-03-08
00-02725,9,D7,2000-03-08
00-02741,9,D7,2000-03-07
00-02703,9,D7,2000-03-07
00-02704,9,D7,2000-03-07
00-02702,9,D7,2000-03-07
00-00065,9,D7,2000-02-28
00-00035,9,D7,2000-02-10
00-00022,9,D7,2000-02-03
01-00727,9,D7,2001-05-04
01-00732,9,D7,2001-05-04
01-00780,9,D7,2001-05-08
01-00726,9,D7,2001-05-02
01-00396,9,D7,2001-04-12
01-00398,9,D7,2001-04-09
01-00277,9,D7,2001-03-21
01-00278,9,D7,2001-03-21
01-00218,9,D7,2001-03-07
01-00219,9,D7,2001-03-07
01-00197,9,D7,2001-03-05
01-00190,9,D7,2001-03-05
01-00183,9,D7,2001-02-26
01-00179,9,D7,2001-02-23
01-00166,9,D7,2001-02-12
01-00816,9,D7,2001-05-17
01-00313,9,D7,2001-03-24
01-00276,9,D7,2001-03-22
01-00380,9,D7,2001-04-05
01-00381,9,D7,2001-04-05
02-00487,9,D7,2002-02-21
01-00338,9,D7,2001-03-29
01-00311,9,D7,2001-03-23
01-00272,9,D7,2001-03-19
01-00192,9,D7,2001-03-05
01-00489,9,D7,2001-04-18
01-00871,9,D7,2001-05-28
01-00746,9,D7,2001-05-07
02-01094,9,D7,2002-09-19
02-01093,9,D7,2002-09-19
02-00714,9,D7,2002-04-03
02-00444,9,D7,2002-02-19
02-00025,9,D7,2002-01-03
02-00787,9,D7,2002-04-15
01-02641,9,D7,2001-12-11
02-00441,9,D7,2002-02-20
02-00360,9,D7,2002-02-01
02-00794,9,D7,2002-04-17
02-00535,9,D7,2002-03-01
00-02775,9,D7,2000-03-27
02-00661,9,D7,2002-03-18
02-00188,9,D7,2002-01-14
02-00726,9,D7,2002-04-04
01-00032,9,D7,2001-01-17
02-00440,9,D7,2002-02-19
02-00297,9,D7,2002-01-26
02-00585,9,D7,2002-03-08
12-00245,-1,B3,2012-06-21
06-00057,10,B3,2006-02-20
06-00058,10,B3,2006-02-20
07-00450,10,B3,2007-06-27
06-00054,10,B3,2006-02-17
06-00050,10,B3,2006-02-14
06-00036,10,B3,2006-02-08
06-00048,10,B3,2006-02-06
06-00025,10,B3,2006-02-01
01-01771,-1,D6,2001-09-03
12-00001,-1,D9,2012-01-02
08-00753,11,D9,2008-08-29
08-00748,11,D9,2008-08-29
09-00178,11,D9,2009-04-02
08-00746,11,D9,2008-08-24
08-00745,11,D9,2008-08-24
02-00252,-1,D4,2002-01-21
05-00424,12,D4,2005-06-17
05-00539,12,D4,2005-07-15
05-00385,12,D4,2005-06-09
05-00371,12,D4,2005-06-05
05-00350,12,D4,2005-05-28
05-00351,12,D4,2005-05-26
05-00291,12,D4,2005-05-18
05-00277,12,D4,2005-05-09
05-00273,12,D4,2005-05-06
05-00275,12,D4,2005-05-06
05-00272,12,D4,2005-05-04
05-00271,12,D4,2005-05-04
05-00257,12,D4,2005-04-28
05-00258,12,D4,2005-04-28
05-00253,12,D4,2005-04-25
05-00252,12,D4,2005-04-25
05-00248,12,D4,2005-04-22
05-00246,12,D4,2005-04-21
05-00204,12,D4,2005-03-23
05-00155,12,D4,2005-03-15
05-00135,12,D4,2005-03-07
05-00136,12,D4,2005-03-07
05-00061,12,D4,2005-01-20
10-00087,-1,D4,2010-03-22
08-00177,13,D4,2008-03-27
08-00161,13,D4,2008-03-18
06-00524,-1,D5,2006-06-09
12-00241,-1,B3,2012-07-02
23-00796,-1,B3,2023-11-10
14-00573,14,B3,2014-08-20
14-00572,14,B3,2014-08-20
14-00616,14,B3,2014-09-09
14-00584,14,B3,2014-08-25
14-00562,14,B3,2014-08-13
14-00561,14,B3,2014-08-13
14-00575,14,B3,2014-08-13
14-00543,14,B3,2014-08-05
20-00034,15,B3,2020-01-13
20-00033,15,B3,2020-01-13
20-00121,15,B3,2020-02-01
20-00079,15,B3,2020-01-21
20-00032,15,B3,2020-01-10
19-00986,15,B3,2019-08-19
19-00967,15,B3,2019-08-06
19-00846,15,B3,2019-07-09
19-00834,15,B3,2019-07-04
19-00833,15,B3,2019-07-03
19-00819,15,B3,2019-06-28
19-00306,15,B3,2019-03-06
19-00150,15,B3,2019-02-08
19-00312,15,B3,2019-02-06
19-00106,15,B3,2019-01-29
18-00899,15,B3,2018-10-23
18-00395,15,B3,2018-05-08
18-00378,15,B3,2018-05-07
18-00372,15,B3,2018-05-04
18-00373,15,B3,2018-05-04
18-00312,15,B3,2018-04-25
18-00287,15,B3,2018-04-17
18-00183,15,B3,2018-03-22
18-00168,15,B3,2018-03-08
18-00124,15,B3,2018-02-22
18-00117,15,B3,2018-02-16
18-00118,15,B3,2018-02-15
18-00119,15,B3,2018-02-12
18-00097,15,B3,2018-02-07
18-00093,15,B3,2018-02-05
18-00090,15,B3,2018-01-31
18-00063,15,B3,2018-01-25
18-00038,15,B3,2018-01-16
18-00030,15,B3,2018-01-10
18-00031,15,B3,2018-01-10
18-00015,15,B3,2018-01-03
18-00003,15,B3,2017-12-29
18-00001,15,B3,2017-12-28
17-01302,15,B3,2017-12-27
18-00004,15,B3,2017-12-27
17-01277,15,B3,2017-12-13
17-01273,15,B3,2017-11-29
17-01272,15,B3,2017-11-29
17-01079,15,B3,2017-09-28
17-01041,15,B3,2017-09-06
17-01038,15,B3,2017-09-06
17-01032,15,B3,2017-09-05
17-01031,15,B3,2017-09-01
17-01024,15,B3,2017-08-31
17-01021,15,B3,2017-08-28
17-00992,15,B3,2017-08-18
17-00986,15,B3,2017-08-16
17-00987,15,B3,2017-08-16
17-00988,15,B3,2017-08-14
17-01000,15,B3,2017-08-11
17-00981,15,B3,2017-08-10
17-00999,15,B3,2017-08-09
17-00962,15,B3,2017-08-09
17-00963,15,B3,2017-08-09
17-00969,15,B3,2017-08-08
17-00961,15,B3,2017-08-07
17-00960,15,B3,2017-08-04
17-00967,15,B3,2017-08-04
17-00942,15,B3,2017-08-03
17-00951,15,B3,2017-08-03
17-00944,15,B3,2017-08-02
17-00937,15,B3,2017-07-31
17-00966,15,B3,2017-07-31
17-00965,15,B3,2017-07-31
17-00933,15,B3,2017-07-29
17-00938,15,B3,2017-07-28
17-00934,15,B3,2017-07-28
17-00931,15,B3,2017-07-27
17-00929,15,B3,2017-07-27
17-00928,15,B3,2017-07-27
17-00922,15,B3,2017-07-24
17-00913,15,B3,2017-07-19
17-00912,15,B3,2017-07-17
17-00909,15,B3,2017-07-13
17-00902,15,B3,2017-07-11
17-00830,15,B3,2017-06-19
17-00812,15,B3,2017-06-13
17-00770,15,B3,2017-06-07
17-00841,15,B3,2017-06-07
17-00742,15,B3,2017-06-07
17-00727,15,B3,2017-06-02
17-00710,15,B3,2017-05-31
17-00720,15,B3,2017-05-31
17-00716,15,B3,2017-05-31
17-00717,15,B3,2017-05-31
17-00737,15,B3,2017-05-31
17-00730,15,B3,2017-05-30
17-00700,15,B3,2017-05-29
17-00719,15,B3,2017-05-29
17-00688,15,B3,2017-05-29
17-00690,15,B3,2017-05-29
17-00698,15,B3,2017-05-29
17-00686,15,B3,2017-05-26
17-00671,15,B3,2017-05-23
17-00675,15,B3,2017-05-23
17-00496,15,B3,2017-05-23
17-00665,15,B3,2017-05-23
17-00662,15,B3,2017-05-22
17-00658,15,B3,2017-05-19
17-00650,15,B3,2017-05-17
17-00655,15,B3,2017-05-15
17-00612,15,B3,2017-05-12
17-00631,15,B3,2017-05-11
17-00618,15,B3,2017-05-11
17-00632,15,B3,2017-05-10
17-00585,15,B3,2017-05-08
17-00626,15,B3,2017-05-08
17-00602,15,B3,2017-05-05
17-00555,15,B3,2017-05-05
17-00544,15,B3,2017-05-04
17-00578,15,B3,2017-05-04
17-00538,15,B3,2017-05-03
17-00546,15,B3,2017-05-03
17-00547,15,B3,2017-05-03
17-00522,15,B3,2017-04-27
17-00513,15,B3,2017-04-27
17-00523,15,B3,2017-04-27
17-00515,15,B3,2017-04-26
17-00554,15,B3,2017-04-25
17-00512,15,B3,2017-04-25
17-00497,15,B3,2017-04-24
17-00508,15,B3,2017-04-21
17-00659,15,B3,2017-04-20
17-00489,15,B3,2017-04-12
17-00475,15,B3,2017-04-11
17-00481,15,B3,2017-04-11
17-00466,15,B3,2017-04-08
17-00487,15,B3,2017-04-07
17-00448,15,B3,2017-04-06
17-00403,15,B3,2017-03-27
17-00404,15,B3,2017-03-27
17-00375,15,B3,2017-03-22
17-00490,15,B3,2017-03-22
17-00374,15,B3,2017-03-20
17-00364,15,B3,2017-03-17
17-00365,15,B3,2017-03-15
17-00337,15,B3,2017-03-14
17-00284,15,B3,2017-03-09
17-00362,15,B3,2017-03-09
17-00368,15,B3,2017-03-09
17-00288,15,B3,2017-03-08
17-00287,15,B3,2017-03-08
17-00281,15,B3,2017-03-07
17-00276,15,B3,2017-03-06
17-00297,15,B3,2017-03-05
17-00257,15,B3,2017-03-01
17-00256,15,B3,2017-03-01
17-00263,15,B3,2017-03-01
17-00231,15,B3,2017-02-27
17-00222,15,B3,2017-02-24
17-00260,15,B3,2017-02-23
17-00219,15,B3,2017-02-23
17-00165,15,B3,2017-02-17
17-00333,15,B3,2017-02-16
17-00367,15,B3,2017-02-11
17-00129,15,B3,2017-02-09
17-00160,15,B3,2017-02-08
17-00108,15,B3,2017-02-01
17-00150,15,B3,2017-02-01
17-00067,15,B3,2017-01-22
17-00042,15,B3,2017-01-13
16-00775,15,B3,2016-11-21
18-00298,15,B3,2018-04-25
18-00265,15,B3,2018-04-16
18-00296,15,B3,2018-04-23
18-00005,15,B3,2018-01-02
17-01216,15,B3,2017-11-20
17-01217,15,B3,2017-11-20
17-00733,15,B3,2017-06-01
17-00360,15,B3,2017-03-19
17-00344,15,B3,2017-03-14
19-00453,15,B3,2019-04-05
19-00389,15,B3,2019-03-29
19-00278,15,B3,2019-03-14
19-00263,15,B3,2019-03-13
19-00265,15,B3,2019-03-13
19-00266,15,B3,2019-03-12
19-00218,15,B3,2019-03-05
18-00664,15,B3,2018-07-08
19-00836,15,B3,2019-07-04
19-00825,15,B3,2019-06-29
19-00722,15,B3,2019-06-03
19-00690,15,B3,2019-05-28
19-00675,15,B3,2019-05-20
18-00482,15,B3,2018-05-30
18-00764,15,B3,2018-09-05
18-00462,15,B3,2018-05-28
18-00396,15,B3,2018-05-11
18-00401,15,B3,2018-05-11
18-00402,15,B3,2018-05-11
18-00349,15,B3,2018-04-30
18-00314,15,B3,2018-04-20
18-00266,15,B3,2018-04-16
18-00235,15,B3,2018-04-09
18-00221,15,B3,2018-04-05
18-00223,15,B3,2018-04-04
19-00590,15,B3,2019-04-30
19-00592,15,B3,2019-04-30
19-01006,15,B3,2019-08-27
19-00994,15,B3,2019-08-19
19-00585,15,B3,2019-04-24
18-00965,15,B3,2018-11-13
18-00654,15,B3,2018-07-11
17-01267,15,B3,2017-12-06
16-00796,15,B3,2016-11-28
16-00795,15,B3,2016-11-28
16-00792,15,B3,2016-11-29
16-00787,15,B3,2016-11-26
16-00786,15,B3,2016-11-25
16-00793,15,B3,2016-11-25
16-00774,15,B3,2016-11-20
16-00764,15,B3,2016-11-18
16-00757,15,B3,2016-11-17
16-00758,15,B3,2016-11-16
16-00707,15,B3,2016-11-07
16-00701,15,B3,2016-11-04
16-00714,15,B3,2016-11-01
16-00685,15,B3,2016-10-25
16-00648,15,B3,2016-10-11
17-00131,15,B3,2017-02-09
17-00040,15,B3,2017-01-16
17-00022,15,B3,2017-01-09
17-00020,15,B3,2017-01-06
16-00809,15,B3,2016-12-30
16-00860,15,B3,2016-12-23
16-00851,15,B3,2016-12-16
16-00815,15,B3,2016-12-01
16-00814,15,B3,2016-12-01
17-00310,15,B3,2017-02-26
17-00309,15,B3,2017-02-24
17-00203,15,B3,2017-02-15
17-00192,15,B3,2017-02-13
17-00128,15,B3,2017-02-10
17-00151,15,B3,2017-02-02
17-00149,15,B3,2017-01-27
17-00090,15,B3,2017-01-26
17-00078,15,B3,2017-01-25
17-00089,15,B3,2017-01-24
17-00059,15,B3,2017-01-20
17-00060,15,B3,2017-01-20
17-00041,15,B3,2017-01-17
17-00079,15,B3,2017-01-17
17-00052,15,B3,2017-01-17
17-00051,15,B3,2017-01-16
17-00050,15,B3,2017-01-13
17-00416,15,B3,2017-03-19
17-00330,15,B3,2017-03-14
17-00334,15,B3,2017-03-14
17-00295,15,B3,2017-03-06
18-00236,15,B3,2018-04-09
18-00255,15,B3,2018-04-12
18-00230,15,B3,2018-04-04
18-00226,15,B3,2018-03-28
18-00201,15,B3,2018-03-27
18-00173,15,B3,2018-03-17
18-00170,15,B3,2018-03-15
18-00151,15,B3,2018-03-08
18-00147,15,B3,2018-03-08
18-00152,15,B3,2018-03-08
18-00166,15,B3,2018-03-07
18-00149,15,B3,2018-03-06
18-00143,15,B3,2018-03-02
17-00271,15,B3,2017-03-06
17-00278,15,B3,2017-03-06
17-00274,15,B3,2017-03-06
17-00277,15,B3,2017-03-06
17-00336,15,B3,2017-03-14
18-00292,15,B3,2018-04-22
18-00286,15,B3,2018-04-22
17-00104,15,B3,2017-02-03
17-00046,15,B3,2017-01-19
19-00601,15,B3,2019-05-08
19-00578,15,B3,2019-04-25
19-00487,15,B3,2019-04-09
19-00355,15,B3,2019-03-19
05-00473,16,D6,2005-07-06
05-00469,16,D6,2005-07-01
05-00467,16,D6,2005-06-30
05-00464,16,D6,2005-06-27
05-00465,16,D6,2005-06-27
05-00374,16,D6,2005-06-08
05-00355,16,D6,2005-05-31
05-00353,16,D6,2005-05-31
05-00322,16,D6,2005-05-23
05-00321,16,D6,2005-05-20
05-00288,16,D6,2005-05-13
05-00287,16,D6,2005-05-13
05-00266,16,D6,2005-05-03
05-00265,16,D6,2005-05-02
05-00255,16,D6,2005-04-28
04-00132,16,D6,2004-05-18
06-00377,16,D6,2006-05-09
06-00376,16,D6,2006-05-09
08-00275,-1,D5,2008-04-18
14-00178,-1,D8,2014-04-03
08-00505,17,D8,2008-05-21
08-00461,17,D8,2008-05-19
08-00437,17,D8,2008-05-08
08-00385,17,D8,2008-05-05
08-00360,17,D8,2008-04-29
08-00302,17,D8,2008-04-20
08-00727,-1,D8,2008-07-31
10-00057,-1,D8,2010-02-25
13-00670,18,D8,2013-08-26
14-00356,18,D8,2014-06-05
13-00665,18,D8,2013-08-20
13-00649,18,D8,2013-08-15
13-00646,18,D8,2013-08-13
13-00650,18,D8,2013-08-13
13-00614,18,D8,2013-07-23
13-00205,18,D8,2013-05-06
13-00261,18,D8,2013-05-16
13-00191,18,D8,2013-04-30
13-00838,18,D8,2013-11-13
07-00746,18,D8,2007-12-05
11-00840,-1,B3,2011-09-19
24-00157,-1,B3,2024-02-05
14-00370,19,B3,2014-06-11
14-00348,19,B3,2014-06-03
14-00336,19,B3,2014-05-28
14-00221,19,B3,2014-04-15
14-00215,19,B3,2014-04-14
14-00211,19,B3,2014-04-10
14-00212,19,B3,2014-04-10
14-00169,19,B3,2014-03-23
14-00361,19,B3,2014-06-10
14-00354,19,B3,2014-06-06
19-00874,-1,B3,2019-07-11
10-00134,-1,B3,2010-04-27
12-00315,-1,B3,2012-09-16
10-00107,20,B3,2010-04-14
10-00093,20,B3,2010-03-29
10-00294,21,B3,2010-06-29
10-00295,21,B3,2010-06-30
10-00266,21,B3,2010-06-21
10-00259,21,B3,2010-06-10
10-00557,22,B3,2010-10-21
10-00598,22,B3,2010-11-12
10-00534,22,B3,2010-10-13
11-00006,22,B3,2011-01-10
19-00076,23,B3,2019-01-24
19-00163,23,B3,2019-02-20
19-01000,23,B3,2019-08-21
21-00545,23,B3,2021-12-23
21-00544,23,B3,2021-12-21
10-00088,24,B3,2010-03-22
10-00105,24,B3,2010-04-08
10-00084,24,B3,2010-03-18
11-00627,24,B3,2011-06-09
10-00328,24,B3,2010-07-13
19-00320,25,B3,2019-02-07
19-00653,25,B3,2019-04-25
19-00319,25,B3,2019-02-01
19-00318,25,B3,2019-01-30
19-00342,25,B3,2019-01-29
19-00317,25,B3,2019-01-23
19-00056,25,B3,2019-01-16
19-00041,25,B3,2019-01-11
14-00277,26,B3,2014-04-29
14-00275,26,B3,2014-05-01
14-00241,26,B3,2014-04-25
14-00210,26,B3,2014-04-11
14-00163,26,B3,2014-03-29
14-00047,26,B3,2014-02-10
14-00099,26,B3,2014-03-06
14-00043,26,B3,2014-02-07
15-01284,27,B3,2015-07-28
15-01283,27,B3,2015-07-28
15-01297,27,B3,2015-08-05
15-01303,27,B3,2015-08-14
15-01282,27,B3,2015-07-27
15-01275,27,B3,2015-07-26
15-01266,27,B3,2015-07-21
15-01265,27,B3,2015-07-21
15-01255,27,B3,2015-07-15
15-01251,27,B3,2015-07-14
15-01217,27,B3,2015-07-13
15-01209,27,B3,2015-07-08
13-00848,27,B3,2013-11-19
13-00876,27,B3,2013-12-03
13-00819,27,B3,2013-11-04
15-01381,27,B3,2015-09-25
16-00213,27,B3,2016-04-27
15-01321,27,B3,2015-08-31
15-01422,27,B3,2015-10-08
18-00288,27,B3,2018-04-20
18-00344,27,B3,2018-04-26
19-01010,27,B3,2019-08-18
18-00379,27,B3,2018-05-07
18-00156,27,B3,2018-03-09
18-00259,27,B3,2018-04-12
15-01430,27,B3,2015-10-19
15-01429,27,B3,2015-10-19
06-00456,-1,D6,2006-05-30
06-00541,-1,D6,2006-06-20
06-00153,-1,D6,2006-03-21
06-00568,-1,D6,2006-06-28
06-00361,-1,D6,2006-05-02
06-00197,-1,D6,2006-03-30
06-00511,28,D6,2006-06-13
06-00460,28,D6,2006-05-30
06-00226,29,D6,2006-04-07
06-00224,29,D6,2006-04-06
06-00379,30,D6,2006-05-10
06-00219,30,D6,2006-04-06
06-00230,31,D6,2006-04-10
06-00351,31,D6,2006-04-27
06-00275,31,D6,2006-04-20
06-00254,32,D6,2006-04-18
06-00263,32,D6,2006-04-18
06-00287,32,D6,2006-04-20
06-00299,32,D6,2006-04-25
06-00205,32,D6,2006-04-05
06-00199,32,D6,2006-04-04
06-00445,-1,D4,2006-05-29
06-00630,33,D4,2006-07-25
06-00595,33,D4,2006-07-10
06-00572,33,D4,2006-06-29
06-00558,33,D4,2006-06-23
06-00505,33,D4,2006-06-09
06-00496,33,D4,2006-06-08
06-00494,33,D4,2006-06-08
06-00497,33,D4,2006-06-08
06-00468,33,D4,2006-06-06
06-00478,33,D4,2006-06-06
06-00467,33,D4,2006-06-02
06-00462,33,D4,2006-05-31
06-00437,33,D4,2006-05-24
06-00419,33,D4,2006-05-22
06-00401,33,D4,2006-05-15
06-00400,33,D4,2006-05-15
06-00392,33,D4,2006-05-12
06-00367,33,D4,2006-05-04
06-00156,34,D4,2006-03-24
06-00203,34,D4,2006-03-25
06-00059,34,D4,2006-02-07
06-00583,34,D4,2006-07-04
06-00211,34,D4,2006-04-05
06-00193,34,D4,2006-03-28
08-00517,-1,D5,2008-05-26
16-00037,35,D8,2016-01-27
16-00023,35,D8,2016-01-20
10-00097,36,D8,2010-03-30
10-00098,36,D8,2010-03-30
17-01221,37,D8,2017-11-22
17-01263,37,D8,2017-12-01
17-00391,37,D8,2017-03-22
18-00805,38,D8,2018-09-21
18-00804,38,D8,2018-09-21
18-00689,38,D8,2018-07-23
18-00682,38,D8,2018-07-18
18-00660,38,D8,2018-07-11
18-00609,38,D8,2018-06-30
18-00619,38,D8,2018-06-30
18-00566,38,D8,2018-06-19
18-00562,38,D8,2018-06-19
18-00548,38,D8,2018-06-15
18-00510,38,D8,2018-06-08
18-00476,38,D8,2018-06-01
18-00529,38,D8,2018-05-22
18-00450,38,D8,2018-05-22
18-00449,38,D8,2018-05-22
18-00432,38,D8,2018-05-22
18-00431,38,D8,2018-05-19
18-00434,38,D8,2018-05-19
18-00408,38,D8,2018-05-15
18-00390,38,D8,2018-05-08
18-00388,38,D8,2018-05-08
18-00377,38,D8,2018-05-04
18-00332,38,D8,2018-04-25
18-00284,38,D8,2018-04-17
18-00186,38,D8,2018-03-22
07-00288,-1,D8,2007-04-27
07-00330,39,D8,2007-05-08
07-00302,39,D8,2007-04-28
18-00159,-1,B3,2018-03-09
16-00572,40,B3,2016-08-24
15-01423,40,B3,2015-10-08
23-00231,40,B3,2023-04-05
17-00366,40,B3,2017-03-15
17-00221,40,B3,2017-02-23
24-01002,41,B3,2024-07-19
24-00243,41,B3,2024-02-24
19-01319,41,B3,2019-12-05
06-00127,42,D6,2006-03-09
06-00130,42,D6,2006-03-13
06-00051,42,D6,2006-02-16
08-00646,43,D4,2008-07-03
08-00591,43,D4,2008-06-17
07-00739,44,D4,2007-11-28
07-00741,44,D4,2007-11-28
07-00698,44,D4,2007-11-12
07-00699,44,D4,2007-11-12
07-00695,44,D4,2007-11-06
07-00734,44,D4,2007-11-22
09-00363,45,D4,2009-06-15
09-00429,45,D4,2009-09-11
09-00290,45,D4,2009-05-19
09-00254,45,D4,2009-05-06
09-00283,45,D4,2009-05-19
09-00289,45,D4,2009-05-19
09-00251,45,D4,2009-05-05
10-00209,46,D4,2010-05-25
10-00216,46,D4,2010-06-01
10-00188,46,D4,2010-05-17
10-00189,46,D4,2010-05-15
10-00164,46,D4,2010-05-10
10-00169,46,D4,2010-05-10
10-00161,46,D4,2010-05-07
10-00153,46,D4,2010-05-03
10-00143,46,D4,2010-05-02
10-00133,46,D4,2010-04-29
10-00123,46,D4,2010-04-20
10-00110,46,D4,2010-04-19
10-00130,46,D4,2010-04-28
08-00594,-1,D5,2008-06-17
15-01204,-1,D8,2015-07-02
17-00230,47,D8,2017-02-27
17-00162,47,D8,2017-02-13
17-00995,48,D8,2017-08-10
17-00983,48,D8,2017-08-14
15-01434,48,D8,2015-06-12
17-00177,49,D8,2017-02-16
17-00269,49,D8,2017-03-03
17-00109,49,D8,2017-02-01
18-00181,50,D8,2018-03-22
18-00086,50,D8,2018-02-01
18-00088,50,D8,2018-02-01
18-00857,50,D8,2018-10-11
16-00112,51,D8,2016-03-11
16-00113,51,D8,2016-03-11
16-00111,51,D8,2016-03-11
16-00120,51,D8,2016-03-04
16-00317,51,D8,2016-06-02
16-00312,51,D8,2016-05-30
18-00069,52,D8,2018-01-19
18-00068,52,D8,2018-01-19
17-01148,52,D8,2017-10-26
16-00564,52,D8,2016-08-17
16-00560,52,D8,2016-08-16
16-00524,52,D8,2016-08-05
16-00510,52,D8,2016-07-27
16-00500,52,D8,2016-07-27
16-00467,52,D8,2016-07-20
16-00393,52,D8,2016-06-22
16-00561,52,D8,2016-08-08
17-00200,53,D8,2017-02-15
17-00335,53,D8,2017-03-14
17-00158,53,D8,2017-02-15
17-00157,53,D8,2017-02-15
17-00094,53,D8,2017-02-03
17-00103,53,D8,2017-02-03
17-00115,53,D8,2017-02-02
17-00092,53,D8,2017-02-02
17-00097,53,D8,2017-02-01
17-00083,53,D8,2017-01-30
17-00053,53,D8,2017-01-23
17-00027,53,D8,2017-01-15
17-00012,53,D8,2017-01-06
17-00010,53,D8,2017-01-06
16-00859,53,D8,2016-12-27
16-00789,53,D8,2016-11-25
16-00759,53,D8,2016-11-17
16-00132,53,D8,2016-03-23
24-00591,53,D8,2024-05-03
23-00302,53,D8,2023-05-12
23-00273,53,D8,2023-05-04
23-00249,53,D8,2023-04-27
24-00908,53,D8,2024-07-08
24-01101,53,D8,2024-08-27
15-01247,53,D8,2015-07-10
15-01207,53,D8,2015-06-30
15-01084,53,D8,2015-05-29
15-01051,53,D8,2015-05-19
14-00698,53,D8,2014-10-14
17-00314,53,D8,2017-03-09
17-00180,53,D8,2017-02-20
16-00850,53,D8,2016-12-06
17-00371,54,D8,2017-03-21
17-00382,54,D8,2017-03-22
17-00355,54,D8,2017-03-20
17-00354,54,D8,2017-03-17
17-00322,54,D8,2017-03-14
17-00332,54,D8,2017-03-14
17-00292,54,D8,2017-03-08
17-00266,54,D8,2017-03-07
17-00267,54,D8,2017-03-06
17-00265,54,D8,2017-03-01
17-00247,54,D8,2017-02-28
17-00254,54,D8,2017-02-28
17-00238,54,D8,2017-02-27
17-00191,54,D8,2017-02-22
17-00216,54,D8,2017-02-21
17-00188,54,D8,2017-02-20
17-00184,54,D8,2017-02-20
17-00187,54,D8,2017-02-18
17-00189,54,D8,2017-02-18
17-00179,54,D8,2017-02-17
17-00155,54,D8,2017-02-14
17-00107,54,D8,2017-02-02
19-00220,54,D8,2019-03-06
19-00222,54,D8,2019-03-06
19-00820,54,D8,2019-06-28
17-00616,54,D8,2017-05-11
17-00581,54,D8,2017-05-08
17-00502,54,D8,2017-04-21
17-00471,54,D8,2017-04-04
17-00449,54,D8,2017-04-03
17-00427,54,D8,2017-03-30
17-00421,54,D8,2017-03-30
17-00411,54,D8,2017-03-27
17-00405,54,D8,2017-03-27
20-00221,55,D8,2020-03-06
20-00290,55,D8,2020-03-12
20-00224,55,D8,2020-03-05
20-00209,55,D8,2020-03-04
20-00225,55,D8,2020-03-04
20-00206,55,D8,2020-03-03
20-00207,55,D8,2020-02-28
20-00200,55,D8,2020-02-27
20-00223,55,D8,2020-02-27
20-00193,55,D8,2020-02-26
20-00194,55,D8,2020-02-26
20-00167,55,D8,2020-02-19
20-00150,55,D8,2020-02-13
20-00148,55,D8,2020-02-13
20-00149,55,D8,2020-02-13
20-00119,55,D8,2020-02-03
20-00120,55,D8,2020-02-03
20-00128,55,D8,2020-01-31
20-00097,55,D8,2020-01-24
20-00098,55,D8,2020-01-24
20-00088,55,D8,2020-01-23
20-00085,55,D8,2020-01-23
20-00077,55,D8,2020-01-22
20-00087,55,D8,2020-01-22
20-00086,55,D8,2020-01-21
20-00050,55,D8,2020-01-17
20-00029,55,D8,2020-01-09
19-01229,55,D8,2019-11-12
19-01181,55,D8,2019-10-28
19-01095,55,D8,2019-09-25
19-01090,55,D8,2019-09-25
19-01096,55,D8,2019-09-24
19-01093,55,D8,2019-09-23
19-01094,55,D8,2019-09-23
19-01092,55,D8,2019-09-17
19-01056,55,D8,2019-09-17
19-01035,55,D8,2019-09-09
19-01014,55,D8,2019-09-04
19-01015,55,D8,2019-09-03
19-01034,55,D8,2019-09-03
19-01011,55,D8,2019-08-26
19-00980,55,D8,2019-08-13
19-00969,55,D8,2019-08-07
19-00965,55,D8,2019-08-06
19-00966,55,D8,2019-08-06
19-00936,55,D8,2019-07-25
19-00888,55,D8,2019-07-25
19-00860,55,D8,2019-07-16
19-00861,55,D8,2019-07-12
19-00839,55,D8,2019-07-05
19-00810,55,D8,2019-06-25
19-00817,55,D8,2019-06-21
19-00813,55,D8,2019-06-21
19-00796,55,D8,2019-06-17
19-00766,55,D8,2019-06-11
19-00726,55,D8,2019-06-02
19-00705,55,D8,2019-05-30
19-00706,55,D8,2019-05-29
19-00679,55,D8,2019-05-21
19-00643,55,D8,2019-05-15
19-00630,55,D8,2019-05-13
19-00609,55,D8,2019-05-07
19-00604,55,D8,2019-05-06
19-00657,55,D8,2019-05-02
19-00654,55,D8,2019-04-30
19-00656,55,D8,2019-04-29
19-00573,55,D8,2019-04-26
19-00580,55,D8,2019-04-18
19-00651,55,D8,2019-04-18
19-00650,55,D8,2019-04-17
19-00649,55,D8,2019-04-15
19-00513,55,D8,2019-04-15
19-00648,55,D8,2019-04-15
19-00647,55,D8,2019-04-11
19-00517,55,D8,2019-04-11
19-00492,55,D8,2019-04-11
19-00566,55,D8,2019-04-09
19-00460,55,D8,2019-04-05
19-00506,55,D8,2019-04-04
19-00461,55,D8,2019-04-01
19-00404,55,D8,2019-03-30
19-00390,55,D8,2019-03-29
19-00401,55,D8,2019-03-29
19-00382,55,D8,2019-03-28
19-00393,55,D8,2019-03-28
19-00504,55,D8,2019-03-28
19-00383,55,D8,2019-03-28
19-00374,55,D8,2019-03-27
19-00380,55,D8,2019-03-27
19-00411,55,D8,2019-03-27
19-00366,55,D8,2019-03-26
19-00369,55,D8,2019-03-26
19-00361,55,D8,2019-03-25
19-00367,55,D8,2019-03-24
19-00353,55,D8,2019-03-22
19-00348,55,D8,2019-03-22
19-00373,55,D8,2019-03-22
19-00352,55,D8,2019-03-22
19-00793,55,D8,2019-03-21
19-00337,55,D8,2019-03-21
19-00365,55,D8,2019-03-20
19-00503,55,D8,2019-03-20
19-00499,55,D8,2019-03-19
19-00500,55,D8,2019-03-19
19-00316,55,D8,2019-03-18
19-00498,55,D8,2019-03-18
19-00497,55,D8,2019-03-16
19-00286,55,D8,2019-03-15
19-00282,55,D8,2019-03-15
19-00310,55,D8,2019-03-14
19-00308,55,D8,2019-03-14
19-00309,55,D8,2019-03-14
19-00288,55,D8,2019-03-14
19-00264,55,D8,2019-03-13
19-00281,55,D8,2019-03-12
19-00253,55,D8,2019-03-11
19-00307,55,D8,2019-03-11
19-00255,55,D8,2019-03-09
19-00254,55,D8,2019-03-09
19-00245,55,D8,2019-03-08
19-00241,55,D8,2019-03-07
19-00223,55,D8,2019-03-07
19-00219,55,D8,2019-03-06
19-00305,55,D8,2019-03-06
19-00302,55,D8,2019-03-06
19-00304,55,D8,2019-03-06
19-00303,55,D8,2019-03-06
19-00297,55,D8,2019-03-05
19-00226,55,D8,2019-03-05
19-00298,55,D8,2019-03-05
19-00228,55,D8,2019-03-05
19-00204,55,D8,2019-03-04
19-00243,55,D8,2019-03-04
19-00203,55,D8,2019-03-01
19-00196,55,D8,2019-02-28
19-00315,55,D8,2019-02-27
19-00171,55,D8,2019-02-25
19-00168,55,D8,2019-02-25
19-00173,55,D8,2019-02-25
19-00212,55,D8,2019-02-22
19-00160,55,D8,2019-02-21
19-00172,55,D8,2019-02-20
19-00151,55,D8,2019-02-18
19-00195,55,D8,2019-02-18
19-00134,55,D8,2019-02-15
19-00144,55,D8,2019-02-13
19-00147,55,D8,2019-02-11
19-00148,55,D8,2019-02-07
19-00149,55,D8,2019-02-07
19-00110,55,D8,2019-02-06
19-00116,55,D8,2019-02-05
19-00103,55,D8,2019-02-01
19-00092,55,D8,2019-01-31
19-00090,55,D8,2019-01-30
19-00083,55,D8,2019-01-26
19-00091,55,D8,2019-01-25
19-00068,55,D8,2019-01-23
19-00060,55,D8,2019-01-21
19-00062,55,D8,2019-01-17
19-00054,55,D8,2019-01-17
19-00051,55,D8,2019-01-17
19-00064,55,D8,2019-01-17
19-00050,55,D8,2019-01-17
19-00052,55,D8,2019-01-17
19-00055,55,D8,2019-01-17
19-00053,55,D8,2019-01-17
19-00045,55,D8,2019-01-16
19-00109,55,D8,2019-01-16
19-00097,55,D8,2019-01-15
19-00046,55,D8,2019-01-14
19-00108,55,D8,2019-01-14
19-00037,55,D8,2019-01-14
19-00025,55,D8,2019-01-07
19-00010,55,D8,2018-12-27
19-00012,55,D8,2018-12-23
18-00993,55,D8,2018-12-11
18-00994,55,D8,2018-12-11
18-00986,55,D8,2018-12-04
18-00957,55,D8,2018-11-19
18-00943,55,D8,2018-11-18
18-00914,55,D8,2018-11-07
18-00862,55,D8,2018-09-28
18-00762,55,D8,2018-09-06
18-00768,55,D8,2018-09-06
18-00731,55,D8,2018-08-20
18-00717,55,D8,2018-08-15
18-00678,55,D8,2018-07-20
18-00666,55,D8,2018-07-16
18-00668,55,D8,2018-07-12
18-00642,55,D8,2018-07-09
18-00638,55,D8,2018-07-09
18-00637,55,D8,2018-07-06
18-00617,55,D8,2018-07-03
18-00625,55,D8,2018-07-02
18-00611,55,D8,2018-07-02
18-00604,55,D8,2018-07-02
18-00612,55,D8,2018-06-29
18-00592,55,D8,2018-06-26
18-00587,55,D8,2018-06-26
18-00580,55,D8,2018-06-25
18-00581,55,D8,2018-06-25
18-00572,55,D8,2018-06-22
18-00573,55,D8,2018-06-22
18-00564,55,D8,2018-06-21
18-00585,55,D8,2018-06-15
18-00583,55,D8,2018-06-15
18-00584,55,D8,2018-06-15
18-00549,55,D8,2018-06-13
18-00528,55,D8,2018-06-11
18-00513,55,D8,2018-06-07
18-00485,55,D8,2018-06-06
18-00484,55,D8,2018-06-06
18-00499,55,D8,2018-06-05
18-00500,55,D8,2018-06-04
18-00493,55,D8,2018-06-04
18-00490,55,D8,2018-06-04
18-00495,55,D8,2018-06-04
18-00460,55,D8,2018-05-25
18-00413,55,D8,2018-05-17
18-00416,55,D8,2018-05-16
18-00397,55,D8,2018-05-14
18-00384,55,D8,2018-05-09
18-00369,55,D8,2018-05-04
18-00376,55,D8,2018-05-03
18-00952,55,D8,2018-05-02
18-00953,55,D8,2018-04-27
18-00330,55,D8,2018-04-26
18-00347,55,D8,2018-04-26
18-00313,55,D8,2018-04-19
18-00278,55,D8,2018-04-19
18-00269,55,D8,2018-04-16
18-00268,55,D8,2018-04-16
18-00263,55,D8,2018-04-16
18-00260,55,D8,2018-04-15
18-00950,55,D8,2018-04-13
18-00252,55,D8,2018-04-09
18-00233,55,D8,2018-04-09
18-00949,55,D8,2018-04-04
18-00220,55,D8,2018-04-04
18-00218,55,D8,2018-04-04
18-00219,55,D8,2018-04-04
18-00222,55,D8,2018-04-03
18-00352,55,D8,2018-04-03
18-00213,55,D8,2018-03-30
18-00211,55,D8,2018-03-30
18-00214,55,D8,2018-03-30
18-00212,55,D8,2018-03-30
18-00177,55,D8,2018-03-20
17-00477,55,D8,2017-04-12
17-00468,55,D8,2017-04-12
19-00225,55,D8,2019-03-06
19-00169,55,D8,2019-02-25
19-00272,55,D8,2019-03-14
19-00349,55,D8,2019-03-22
19-00193,55,D8,2019-02-26
17-00321,55,D8,2017-03-13
17-00163,55,D8,2017-02-14
19-01183,55,D8,2019-10-28
19-00295,55,D8,2019-03-05
19-00211,55,D8,2019-02-20
19-00057,55,D8,2019-01-16
19-00042,55,D8,2019-01-09
18-00901,55,D8,2018-10-26
19-01024,55,D8,2019-08-30
20-00187,55,D8,2020-02-24
19-00586,55,D8,2019-05-02
19-00509,55,D8,2019-04-12
19-00721,55,D8,2019-06-03
19-00688,55,D8,2019-05-27
19-00658,55,D8,2019-05-09
19-00471,55,D8,2019-04-08
19-00613,55,D8,2019-05-10
17-01027,-1,D8,2017-09-04
09-00070,56,D8,2009-02-05
09-00077,56,D8,2009-02-06
09-00056,56,D8,2009-01-29
10-00207,57,D8,2010-05-26
10-00187,57,D8,2010-05-18
10-00182,57,D8,2010-05-17
10-00126,57,D8,2010-04-23
10-00112,57,D8,2010-04-19
10-00089,57,D8,2010-03-24
10-00086,57,D8,2010-03-22
07-00295,58,D8,2007-04-30
07-00297,58,D8,2007-04-30
07-00292,58,D8,2007-04-30
07-00300,58,D8,2007-04-28
07-00303,58,D8,2007-04-28
07-00299,58,D8,2007-04-27
07-00291,58,D8,2007-04-27
07-00290,58,D8,2007-04-24
07-00266,58,D8,2007-04-20
07-00265,58,D8,2007-04-20
07-00267,58,D8,2007-04-20
07-00264,58,D8,2007-04-19
07-00268,58,D8,2007-04-19
07-00260,58,D8,2007-04-13
07-00249,58,D8,2007-04-05
07-00238,58,D8,2007-04-03
07-00246,58,D8,2007-04-03
07-00235,58,D8,2007-04-02
07-00245,58,D8,2007-03-28
07-00188,58,D8,2007-03-12
15-00204,-1,D8,2015-02-02
08-00042,59,D8,2008-01-24
08-00043,59,D8,2008-01-24
10-00310,-1,B3,2010-07-02
06-00139,60,D6,2006-03-17
06-00141,60,D6,2006-03-17
06-00625,61,D6,2006-07-20
06-00631,61,D6,2006-07-24
06-00616,61,D6,2006-07-18
06-00598,61,D6,2006-07-11
06-00597,61,D6,2006-07-11
06-00601,61,D6,2006-07-07
06-00623,61,D6,2006-06-30
06-00575,61,D6,2006-06-30
06-00567,61,D6,2006-06-28
06-00549,61,D6,2006-06-22
06-00540,61,D6,2006-06-20
06-00514,61,D6,2006-06-13
06-00517,61,D6,2006-06-13
06-00515,61,D6,2006-06-13
06-00498,61,D6,2006-06-12
06-00507,61,D6,2006-06-12
06-00513,61,D6,2006-06-12
06-00499,61,D6,2006-06-09
06-00503,61,D6,2006-06-09
06-00502,61,D6,2006-06-08
06-00472,61,D6,2006-06-07
06-00481,61,D6,2006-06-07
06-00486,61,D6,2006-06-07
06-00484,61,D6,2006-06-07
06-00485,61,D6,2006-06-07
06-00512,61,D6,2006-06-01
06-00471,61,D6,2006-05-31
06-00470,61,D6,2006-05-31
06-00457,61,D6,2006-05-31
06-00459,61,D6,2006-05-30
06-00446,61,D6,2006-05-30
06-00438,61,D6,2006-05-29
06-00435,61,D6,2006-05-26
06-00440,61,D6,2006-05-26
06-00418,61,D6,2006-05-23
06-00443,61,D6,2006-05-19
06-00414,61,D6,2006-05-18
06-00402,61,D6,2006-05-16
06-00405,61,D6,2006-05-15
06-00390,61,D6,2006-05-15
06-00395,61,D6,2006-05-15
06-00389,61,D6,2006-05-15
06-00394,61,D6,2006-05-13
06-00393,61,D6,2006-05-12
06-00388,61,D6,2006-05-11
06-00383,61,D6,2006-05-11
06-00381,61,D6,2006-05-11
06-00387,61,D6,2006-05-11
06-00373,61,D6,2006-05-08
06-00372,61,D6,2006-05-07
06-00365,61,D6,2006-05-04
06-00364,61,D6,2006-05-03
06-00363,61,D6,2006-05-02
06-00356,61,D6,2006-05-02
06-00352,61,D6,2006-04-27
06-00296,61,D6,2006-04-27
06-00346,61,D6,2006-04-27
06-00360,61,D6,2006-04-27
06-00345,61,D6,2006-04-27
06-00347,61,D6,2006-04-27
06-00359,61,D6,2006-04-27
06-00358,61,D6,2006-04-26
06-00300,61,D6,2006-04-25
06-00344,61,D6,2006-04-25
06-00350,61,D6,2006-04-25
06-00290,61,D6,2006-04-25
06-00292,61,D6,2006-04-25
06-00349,61,D6,2006-04-25
06-00294,61,D6,2006-04-25
06-00291,61,D6,2006-04-24
06-00298,61,D6,2006-04-24
06-00297,61,D6,2006-04-24
06-00285,61,D6,2006-04-24
06-00281,61,D6,2006-04-24
06-00301,61,D6,2006-04-24
06-00283,61,D6,2006-04-21
06-00277,61,D6,2006-04-20
06-00278,61,D6,2006-04-20
06-00261,61,D6,2006-04-19
06-00280,61,D6,2006-04-19
06-00269,61,D6,2006-04-19
06-00253,61,D6,2006-04-18
06-00266,61,D6,2006-04-18
06-00267,61,D6,2006-04-18
06-00256,61,D6,2006-04-18
06-00257,61,D6,2006-04-18
06-00247,61,D6,2006-04-16
06-00246,61,D6,2006-04-16
06-00248,61,D6,2006-04-16
06-00264,61,D6,2006-04-14
06-00265,61,D6,2006-04-13
06-00262,61,D6,2006-04-13
06-00242,61,D6,2006-04-13
06-00250,61,D6,2006-04-12
06-00239,61,D6,2006-04-12
06-00252,61,D6,2006-04-12
06-00251,61,D6,2006-04-12
06-00234,61,D6,2006-04-11
06-00238,61,D6,2006-04-11
06-00241,61,D6,2006-04-11
06-00240,61,D6,2006-04-11
06-00229,61,D6,2006-04-10
06-00231,61,D6,2006-04-08
06-00225,61,D6,2006-04-07
06-00222,61,D6,2006-04-07
06-00210,61,D6,2006-04-06
06-00227,61,D6,2006-04-06
06-00223,61,D6,2006-04-05
06-00206,61,D6,2006-04-05
06-00201,61,D6,2006-04-03
06-00202,61,D6,2006-04-03
06-00200,61,D6,2006-04-03
06-00162,61,D6,2006-03-28
06-00164,61,D6,2006-03-27
06-00163,61,D6,2006-03-27
06-00160,61,D6,2006-03-24
06-00173,61,D6,2006-03-24
06-00185,61,D6,2006-03-23
06-00149,61,D6,2006-03-22
06-00148,61,D6,2006-03-22
06-00146,61,D6,2006-03-22
06-00151,61,D6,2006-03-22
06-00152,61,D6,2006-03-22
06-00147,61,D6,2006-03-22
06-00154,61,D6,2006-03-21
06-00142,61,D6,2006-03-19
06-00145,61,D6,2006-03-19
06-00143,61,D6,2006-03-17
11-00649,-1,D4,2011-06-01
09-00427,-1,D4,2009-09-11
10-00099,62,D4,2010-03-31
10-00042,62,D4,2010-02-04
10-00154,63,D4,2010-05-05
10-00145,63,D4,2010-04-30
10-00359,64,D4,2010-08-06
10-00329,64,D4,2010-07-16
10-00327,64,D4,2010-07-15
10-00303,64,D4,2010-06-30
10-00247,64,D4,2010-06-11
10-00395,-1,D4,2010-08-19
09-00367,-1,D4,2009-06-25
11-00392,-1,D4,2011-05-03
12-00253,65,D4,2012-07-06
11-00403,65,D4,2011-04-15
10-00274,66,D4,2010-06-21
10-00273,66,D4,2010-06-21
11-00458,66,D4,2011-05-02
11-00371,67,D4,2011-04-28
11-00331,67,D4,2011-04-15
11-00329,67,D4,2011-04-15
11-00330,67,D4,2011-04-15
11-00319,67,D4,2011-04-12
11-00558,68,D4,2011-05-26
11-00555,68,D4,2011-05-26
11-00556,68,D4,2011-05-26
11-00557,68,D4,2011-05-26
11-00559,68,D4,2011-05-26
12-00179,69,D4,2012-05-15
12-00146,69,D4,2012-05-11
12-00138,69,D4,2012-05-10
12-00141,69,D4,2012-05-10
12-00123,69,D4,2012-04-30
12-00196,69,D4,2012-05-22
11-00427,70,D4,2011-05-04
11-00428,70,D4,2011-05-04
11-00426,70,D4,2011-05-04
11-00425,70,D4,2011-05-04
11-00364,70,D4,2011-04-26
11-00349,70,D4,2011-04-21
11-00336,70,D4,2011-04-20
11-00652,71,D4,2011-06-17
11-00653,71,D4,2011-06-17
11-00615,71,D4,2011-06-04
11-00588,71,D4,2011-05-30
11-00453,71,D4,2011-05-11
11-00325,71,D4,2011-04-15
11-00242,71,D4,2011-03-10
11-00749,71,D4,2011-08-01
06-00454,-1,D5,2006-06-02
17-00088,72,D8,2017-01-31
17-00056,72,D8,2017-01-24
17-00164,73,D8,2017-02-16
17-00327,73,D8,2017-03-14
17-00105,73,D8,2017-02-01
18-00798,74,D8,2018-09-18
18-00781,74,D8,2018-09-18
18-00788,74,D8,2018-09-20
18-00784,74,D8,2018-09-14
18-00779,74,D8,2018-09-12
18-00771,74,D8,2018-09-11
18-00770,74,D8,2018-09-07
18-00755,74,D8,2018-09-06
18-00757,74,D8,2018-09-05
18-00348,74,D8,2018-04-26
18-00231,74,D8,2018-04-03
19-01296,74,D8,2019-12-02
19-01292,74,D8,2019-11-22
19-01295,74,D8,2019-11-27
19-01293,74,D8,2019-11-25
18-00865,74,D8,2018-10-19
18-00803,74,D8,2018-09-25
19-00023,74,D8,2019-01-03
19-00022,74,D8,2019-01-03
18-00047,74,D8,2018-01-19
18-00013,74,D8,2018-01-03
17-01054,75,D8,2017-09-08
17-01029,75,D8,2017-09-04
17-01006,75,D8,2017-08-24
17-00895,75,D8,2017-07-10
17-00749,75,D8,2017-06-05
17-00507,75,D8,2017-04-24
17-00825,75,D8,2017-03-25
17-00361,75,D8,2017-03-12
17-00117,75,D8,2017-02-07
17-00113,75,D8,2017-02-06
17-00111,75,D8,2017-02-03
17-00106,75,D8,2017-02-02
17-00084,75,D8,2017-01-31
17-00369,75,D8,2017-01-30
17-00058,75,D8,2017-01-24
17-00057,75,D8,2017-01-24
16-00683,75,D8,2016-10-20
16-00614,75,D8,2016-09-21
16-00597,75,D8,2016-09-09
16-00591,75,D8,2016-09-07
16-00593,75,D8,2016-09-07
16-00594,75,D8,2016-08-31
16-00380,75,D8,2016-06-18
17-01071,75,D8,2017-09-26
16-00145,75,D8,2016-04-06
16-00202,75,D8,2016-04-16
18-00433,76,D8,2018-05-19
18-00371,76,D8,2018-05-03
18-00299,76,D8,2018-04-25
18-00297,76,D8,2018-04-20
18-00237,76,D8,2018-04-08
18-00187,76,D8,2018-03-20
07-00308,77,D8,2007-05-03
07-00306,77,D8,2007-05-03
15-00967,78,D8,2015-05-07
15-00976,78,D8,2015-05-07
15-00965,78,D8,2015-05-07
15-00966,78,D8,2015-05-07
15-01189,78,D8,2015-05-12
15-01013,78,D8,2015-05-11
15-00981,78,D8,2015-05-08
15-00921,78,D8,2015-04-20
15-00808,78,D8,2015-04-08
15-00773,78,D8,2015-03-26
15-00685,78,D8,2015-03-26
15-01109,78,D8,2015-06-05
15-01097,78,D8,2015-06-03
24-00758,-1,D8,2024-06-01
10-00325,-1,B3,2010-07-16
10-00662,-1,D4,2010-12-01
10-00686,79,D4,2010-12-12
10-00685,79,D4,2010-12-12
10-00680,79,D4,2010-12-10
10-00664,79,D4,2010-12-06
10-00665,79,D4,2010-12-06
10-00661,79,D4,2010-12-01
10-00654,79,D4,2010-12-01
10-00653,79,D4,2010-11-29
10-00570,79,D4,2010-10-28
10-00565,79,D4,2010-10-25
10-00546,79,D4,2010-10-14
10-00336,79,D4,2010-07-16
10-00326,79,D4,2010-07-16
10-00318,79,D4,2010-07-13
10-00309,79,D4,2010-07-08
10-00305,79,D4,2010-07-05
10-00299,79,D4,2010-07-02
10-00285,79,D4,2010-06-25
10-00288,79,D4,2010-06-23
10-00280,79,D4,2010-06-22
10-00276,79,D4,2010-06-21
10-00277,79,D4,2010-06-21
10-00271,79,D4,2010-06-21
10-00265,79,D4,2010-06-17
10-00257,79,D4,2010-06-14
10-00262,79,D4,2010-06-11
10-00248,79,D4,2010-06-11
10-00254,79,D4,2010-06-11
10-00261,79,D4,2010-06-11
10-00251,79,D4,2010-06-11
10-00255,79,D4,2010-06-11
10-00249,79,D4,2010-06-11
10-00252,79,D4,2010-06-10
10-00236,79,D4,2010-06-08
10-00228,79,D4,2010-06-07
10-00214,79,D4,2010-06-01
10-00198,79,D4,2010-05-20
10-00156,79,D4,2010-05-07
10-00162,79,D4,2010-05-07
10-00103,79,D4,2010-04-06
10-00049,79,D4,2010-02-16
10-00039,79,D4,2010-02-15
09-00425,79,D4,2009-09-11
09-00428,79,D4,2009-09-11
09-00426,79,D4,2009-09-11
09-00424,79,D4,2009-09-11
09-00343,79,D4,2009-06-05
09-00345,79,D4,2009-06-05
09-00287,79,D4,2009-05-19
09-00279,79,D4,2009-05-19
09-00280,79,D4,2009-05-19
09-00282,79,D4,2009-05-19
09-00284,79,D4,2009-05-19
09-00286,79,D4,2009-05-19
09-00186,79,D4,2009-04-03
09-00188,79,D4,2009-04-03
09-00185,79,D4,2009-04-03
09-00180,79,D4,2009-04-03
09-00182,79,D4,2009-04-03
09-00189,79,D4,2009-04-03
09-00184,79,D4,2009-04-03
09-00183,79,D4,2009-04-03
09-00173,79,D4,2009-03-30
09-00177,79,D4,2009-03-19
09-00150,79,D4,2009-03-17
09-00153,79,D4,2009-03-17
09-00133,79,D4,2009-03-12
09-00176,79,D4,2009-03-10
09-00137,79,D4,2009-03-05
09-00138,79,D4,2009-03-05
09-00132,79,D4,2009-03-04
09-00129,79,D4,2009-03-03
09-00065,79,D4,2009-02-06
09-00068,79,D4,2009-02-06
09-00066,79,D4,2009-02-06
09-00063,79,D4,2009-02-06
09-00067,79,D4,2009-02-06
09-00046,79,D4,2009-01-29
09-00030,79,D4,2009-01-20
09-00019,79,D4,2009-01-15
09-00128,79,D4,2009-01-01
08-00187,79,D4,2008-04-01
11-00455,-1,D4,2011-05-06
11-00738,80,D4,2011-07-19
11-00722,80,D4,2011-07-11
11-00656,81,D4,2011-06-16
11-00659,81,D4,2011-06-17
11-00650,81,D4,2011-06-15
11-00622,81,D4,2011-06-07
11-00667,81,D4,2011-05-31
11-00570,81,D4,2011-05-27
11-00572,81,D4,2011-05-27
11-00569,81,D4,2011-05-27
11-00571,81,D4,2011-05-27
11-00521,81,D4,2011-05-23
11-00520,81,D4,2011-05-20
11-00518,81,D4,2011-05-20
11-00501,81,D4,2011-05-17
11-00489,81,D4,2011-05-17
11-00487,81,D4,2011-05-17
11-00491,81,D4,2011-05-17
11-00495,81,D4,2011-05-17
11-00488,81,D4,2011-05-17
11-00476,81,D4,2011-05-16
11-00464,81,D4,2011-05-16
11-00486,81,D4,2011-05-16
11-00459,81,D4,2011-05-14
11-00467,81,D4,2011-05-13
11-00473,81,D4,2011-05-13
11-00472,81,D4,2011-05-13
11-00474,81,D4,2011-05-13
11-00466,81,D4,2011-05-13
11-00445,81,D4,2011-05-11
11-00444,81,D4,2011-05-11
11-00443,81,D4,2011-05-10
11-00437,81,D4,2011-05-09
11-00438,81,D4,2011-05-09
11-00383,81,D4,2011-05-02
11-00497,-1,D4,2011-05-17
07-00197,-1,D5,2007-03-14
24-01031,-1,D8,2024-07-30
24-00570,-1,D8,2024-04-23
24-00897,82,D8,2024-06-03
24-00669,82,D8,2024-05-16
24-00684,82,D8,2024-05-14
24-00624,82,D8,2024-05-03
24-00589,82,D8,2024-04-26
24-00792,83,D8,2024-06-14
24-00805,83,D8,2024-06-12
24-00748,83,D8,2024-06-06
24-00718,83,D8,2024-05-29
24-00726,83,D8,2024-05-24
24-00717,83,D8,2024-05-20
24-00660,83,D8,2024-05-17
24-00650,83,D8,2024-05-16
24-00680,83,D8,2024-05-15
24-00678,83,D8,2024-05-15
24-00681,83,D8,2024-05-15
24-00679,83,D8,2024-05-14
24-00676,83,D8,2024-05-12
24-00599,83,D8,2024-05-04
24-00598,83,D8,2024-05-04
24-00597,83,D8,2024-05-02
24-00584,83,D8,2024-05-01
24-00542,83,D8,2024-04-24
24-00511,83,D8,2024-04-19
24-00546,83,D8,2024-04-21
24-00497,83,D8,2024-04-17
24-00461,83,D8,2024-04-12
24-00460,83,D8,2024-04-12
24-00481,83,D8,2024-04-12
24-00641,83,D8,2024-04-11
24-00446,83,D8,2024-04-10
24-00448,83,D8,2024-04-08
24-00451,83,D8,2024-04-08
24-00452,83,D8,2024-04-08
24-00449,83,D8,2024-04-08
24-00432,83,D8,2024-04-05
24-00549,83,D8,2024-04-19
24-00545,83,D8,2024-04-21
24-00938,84,D8,2024-07-12
24-00915,84,D8,2024-07-05
24-00903,84,D8,2024-07-04
24-00875,84,D8,2024-07-01
24-00885,84,D8,2024-06-26
24-00919,84,D8,2024-06-13
24-00806,84,D8,2024-06-12
24-00761,84,D8,2024-06-07
24-00746,84,D8,2024-06-06
24-00747,84,D8,2024-06-06
24-00740,84,D8,2024-06-06
24-00742,84,D8,2024-06-05
24-00688,84,D8,2024-05-24
24-00701,84,D8,2024-05-22
24-00700,84,D8,2024-05-22
24-00695,84,D8,2024-05-22
24-00698,84,D8,2024-05-21
24-00796,84,D8,2024-05-21
24-00706,84,D8,2024-05-21
24-00657,84,D8,2024-05-12
24-00614,84,D8,2024-05-08
24-00633,84,D8,2024-05-08
24-00581,84,D8,2024-04-26
24-00567,84,D8,2024-04-24
24-00520,84,D8,2024-04-18
24-00441,84,D8,2024-04-08
24-00445,84,D8,2024-04-07
24-00435,84,D8,2024-04-07
24-00418,84,D8,2024-04-04
24-00393,84,D8,2024-03-22
24-00394,84,D8,2024-03-21
24-00341,84,D8,2024-03-18
24-00308,84,D8,2024-03-11
24-00319,84,D8,2024-03-11
24-00321,84,D8,2024-03-11
24-00309,84,D8,2024-03-11
24-00334,84,D8,2024-03-07
24-00333,84,D8,2024-03-06
24-00302,84,D8,2024-03-01
24-00270,84,D8,2024-02-29
24-00244,84,D8,2024-02-26
24-00335,84,D8,2024-02-22
24-00240,84,D8,2024-02-21
24-00215,84,D8,2024-02-20
24-00199,84,D8,2024-02-19
24-00195,84,D8,2024-02-19
24-00200,84,D8,2024-02-19
24-00198,84,D8,2024-02-19
24-00196,84,D8,2024-02-19
24-00207,84,D8,2024-02-15
24-00189,84,D8,2024-02-15
24-00177,84,D8,2024-02-14
24-00220,84,D8,2024-02-13
24-00221,84,D8,2024-02-12
24-00222,84,D8,2024-02-12
24-00159,84,D8,2024-02-09
24-00158,84,D8,2024-02-09
24-00175,84,D8,2024-02-08
24-00179,84,D8,2024-02-06
24-00178,84,D8,2024-02-06
24-00120,84,D8,2024-01-31
24-00119,84,D8,2024-01-31
24-00094,84,D8,2024-01-25
24-00090,84,D8,2024-01-22
24-00044,84,D8,2024-01-16
23-00625,84,D8,2023-08-31
18-00264,-1,D8,2018-04-13
07-00310,85,D8,2007-05-07
07-00311,85,D8,2007-05-07
10-00075,86,D8,2010-03-09
10-00073,86,D8,2010-03-09
10-00091,86,D8,2010-03-25
10-00058,86,D8,2010-02-25
10-00033,86,D8,2010-02-15
10-00029,86,D8,2010-02-05
10-00026,86,D8,2010-02-04
10-00022,86,D8,2010-02-02
10-00023,86,D8,2010-02-02
10-00018,86,D8,2010-02-01
10-00017,86,D8,2010-01-29
10-00006,86,D8,2010-01-19
08-00034,86,D8,2008-01-21
07-00412,86,D8,2007-06-18
07-00399,86,D8,2007-06-11
07-00397,86,D8,2007-06-11
07-00390,86,D8,2007-06-06
07-00382,86,D8,2007-06-04
07-00377,86,D8,2007-05-31
07-00376,86,D8,2007-05-31
07-00369,86,D8,2007-05-29
07-00365,86,D8,2007-05-25
07-00362,86,D8,2007-05-22
07-00358,86,D8,2007-05-22
07-00363,86,D8,2007-05-22
07-00360,86,D8,2007-05-22
07-00356,86,D8,2007-05-21
07-00349,86,D8,2007-05-18
07-00352,86,D8,2007-05-16
07-00338,86,D8,2007-05-15
07-00340,86,D8,2007-05-15
07-00344,86,D8,2007-05-14
07-00341,86,D8,2007-05-14
07-00332,86,D8,2007-05-12
07-00333,86,D8,2007-05-11
07-00329,86,D8,2007-05-10
07-00335,86,D8,2007-05-10
07-00324,86,D8,2007-05-09
07-00327,86,D8,2007-05-09
07-00326,86,D8,2007-05-08
07-00320,86,D8,2007-05-07
14-00319,-1,D8,2014-05-16
11-00808,87,D8,2011-08-29
11-00802,87,D8,2011-08-18
13-00820,88,D8,2013-11-04
15-01262,88,D8,2015-07-20
18-00217,88,D8,2018-03-28
13-00317,89,D8,2013-05-21
13-00316,89,D8,2013-05-21
13-00402,89,D8,2013-06-05
13-00486,89,D8,2013-06-27
16-00302,-1,B3,2016-06-01
11-00721,-1,D4,2011-07-08
12-00133,-1,D4,2012-05-07
07-00361,-1,D5,2007-05-22
22-00554,90,D8,2022-11-24
23-00541,90,D8,2023-07-28
24-00455,90,D8,2024-04-06
24-00217,90,D8,2024-02-19
24-00102,90,D8,2024-01-24
15-00632,91,D8,2015-03-20
15-00382,91,D8,2015-02-27
12-00289,92,D8,2012-08-29
13-00089,92,D8,2013-03-21
11-00777,92,D8,2011-08-05
11-00754,92,D8,2011-07-28
11-00755,92,D8,2011-07-28
11-00727,92,D8,2011-07-11
11-00716,92,D8,2011-07-07
11-00714,92,D8,2011-07-06
11-00710,92,D8,2011-07-05
11-00690,92,D8,2011-06-27
11-00661,92,D8,2011-06-21
11-00660,92,D8,2011-06-21
11-00377,92,D8,2011-04-29
11-00145,92,D8,2011-02-22
15-01022,92,D8,2015-05-11
15-01014,92,D8,2015-05-13
13-00016,-1,D8,2013-01-22
11-00635,93,D8,2011-06-13
11-00492,93,D8,2011-05-17
11-00376,93,D8,2011-04-27
13-00152,93,D8,2013-04-19
13-00114,93,D8,2013-04-05
13-00087,93,D8,2013-03-20
11-00691,-1,D8,2011-06-27
13-00896,-1,D8,2013-12-16
11-00297,-1,B3,2011-04-06
11-00717,-1,D4,2011-07-08
11-00745,94,D4,2011-07-28
11-00747,94,D4,2011-07-28
11-00662,94,D4,2011-06-21
11-00655,94,D4,2011-06-17
11-00628,94,D4,2011-06-08
11-00620,94,D4,2011-06-07
11-00599,94,D4,2011-06-01
11-00600,94,D4,2011-06-01
11-00603,94,D4,2011-05-31
11-00648,94,D4,2011-05-31
11-00577,94,D4,2011-05-27
11-00560,94,D4,2011-05-26
11-00541,94,D4,2011-05-24
11-00544,94,D4,2011-05-23
11-00509,94,D4,2011-05-19
11-00505,94,D4,2011-05-18
11-00424,94,D4,2011-05-04
11-00386,94,D4,2011-04-28
11-00347,94,D4,2011-04-21
11-00318,94,D4,2011-04-13
11-00281,94,D4,2011-04-05
11-00270,94,D4,2011-04-04
11-00236,94,D4,2011-03-24
11-00202,94,D4,2011-03-14
11-00199,94,D4,2011-03-14
11-00200,94,D4,2011-03-14
11-00194,94,D4,2011-03-12
11-00169,94,D4,2011-03-07
11-00170,94,D4,2011-03-07
11-00146,94,D4,2011-02-28
11-00116,94,D4,2011-02-22
11-00132,94,D4,2011-02-22
11-00114,94,D4,2011-02-18
11-00085,94,D4,2011-02-11
11-00078,94,D4,2011-02-10
11-00072,94,D4,2011-02-09
11-00075,94,D4,2011-02-09
11-00074,94,D4,2011-02-08
11-00045,94,D4,2011-02-04
11-00040,94,D4,2011-01-31
11-00018,94,D4,2011-01-18
11-00016,94,D4,2011-01-18
11-00013,94,D4,2011-01-17
11-00014,94,D4,2011-01-17
11-00011,94,D4,2011-01-13
11-00007,94,D4,2011-01-11
10-00684,94,D4,2010-12-13
10-00676,94,D4,2010-12-07
10-00673,94,D4,2010-12-07
10-00655,94,D4,2010-12-02
10-00591,94,D4,2010-11-06
10-00575,94,D4,2010-11-03
10-00587,94,D4,2010-11-03
10-00572,94,D4,2010-11-02
10-00559,94,D4,2010-10-21
10-00551,94,D4,2010-10-15
10-00550,94,D4,2010-10-14
10-00545,94,D4,2010-10-12
10-00499,94,D4,2010-10-07
10-00284,94,D4,2010-06-22
09-00356,94,D4,2009-06-10
09-00314,94,D4,2009-05-28
09-00313,94,D4,2009-05-28
09-00310,94,D4,2009-05-28
09-00306,94,D4,2009-05-27
09-00305,94,D4,2009-05-27
09-00328,94,D4,2009-05-26
09-00327,94,D4,2009-05-24
09-00261,94,D4,2009-05-11
09-00260,94,D4,2009-05-11
09-00259,94,D4,2009-05-11
09-00247,94,D4,2009-04-29
09-00220,94,D4,2009-04-17
09-00215,94,D4,2009-04-17
09-00214,94,D4,2009-04-17
09-00216,94,D4,2009-04-16
09-00158,94,D4,2009-03-24
09-00146,94,D4,2009-03-16
09-00143,94,D4,2009-03-12
09-00144,94,D4,2009-03-11
09-00118,94,D4,2009-03-09
09-00110,94,D4,2009-03-04
09-00109,94,D4,2009-03-03
09-00086,94,D4,2009-02-16
09-00074,94,D4,2009-02-04
09-00060,94,D4,2009-02-02
09-00052,94,D4,2009-02-02
09-00055,94,D4,2009-01-30
09-00058,94,D4,2009-01-27
09-00057,94,D4,2009-01-27
08-01010,94,D4,2008-12-19
08-00521,94,D4,2008-05-29
08-00510,94,D4,2008-05-23
08-00462,94,D4,2008-05-15
08-00415,94,D4,2008-05-08
08-00226,94,D4,2008-04-10
07-00681,94,D4,2007-11-02
07-00678,94,D4,2007-10-29
07-00566,94,D4,2007-08-02
07-00577,94,D4,2007-08-07
09-00296,95,D4,2009-05-21
09-00295,95,D4,2009-05-21
09-00294,95,D4,2009-05-21
09-00292,95,D4,2009-05-20
09-00300,95,D4,2009-05-19
09-00299,95,D4,2009-05-19
09-00265,95,D4,2009-05-12
09-00262,95,D4,2009-05-11
09-00263,95,D4,2009-05-11
09-00275,95,D4,2009-05-08
09-00255,95,D4,2009-05-06
09-00257,95,D4,2009-05-06
09-00256,95,D4,2009-05-05
09-00249,95,D4,2009-05-04
09-00250,95,D4,2009-05-04
09-00246,95,D4,2009-04-30
07-00366,-1,D5,2007-05-28
18-00343,-1,D8,2018-04-26
11-00736,-1,D8,2011-07-16
15-00473,-1,D8,2015-03-07
15-00670,-1,D8,2015-03-24
15-00942,96,D8,2015-05-01
15-00904,96,D8,2015-04-28
15-00756,97,D8,2015-04-04
15-00804,97,D8,2015-04-13
15-00662,97,D8,2015-03-24
15-00601,97,D8,2015-03-19
15-00596,97,D8,2015-03-18
15-00457,97,D8,2015-03-06
15-00454,97,D8,2015-03-06
15-00593,97,D8,2015-03-18
15-01070,98,D8,2015-05-25
15-01296,98,D8,2015-08-05
15-01062,98,D8,2015-05-22
15-00983,98,D8,2015-05-08
15-00922,98,D8,2015-05-03
15-00905,98,D8,2015-04-27
15-00885,98,D8,2015-04-22
15-00817,98,D8,2015-04-16
15-00833,98,D8,2015-04-16
15-00819,98,D8,2015-04-14
15-00799,98,D8,2015-04-13
15-00840,98,D8,2015-04-11
15-00785,98,D8,2015-04-09
15-00758,98,D8,2015-04-05
15-00769,98,D8,2015-04-05
15-00744,98,D8,2015-04-02
15-00722,98,D8,2015-04-01
15-00740,98,D8,2015-03-31
15-00735,98,D8,2015-03-29
15-00711,98,D8,2015-03-27
15-00705,98,D8,2015-03-27
15-00678,98,D8,2015-03-26
15-00703,98,D8,2015-03-26
15-00686,98,D8,2015-03-26
15-00647,98,D8,2015-03-23
15-00631,98,D8,2015-03-20
15-00617,98,D8,2015-03-16
15-00616,98,D8,2015-03-14
15-00554,98,D8,2015-03-13
15-00486,98,D8,2015-03-09
15-00470,98,D8,2015-03-08
15-00471,98,D8,2015-03-08
15-00566,98,D8,2015-03-06
15-00567,98,D8,2015-03-06
15-00568,98,D8,2015-03-06
15-00437,98,D8,2015-03-05
15-00565,98,D8,2015-03-04
15-00407,98,D8,2015-03-03
15-00406,98,D8,2015-03-03
15-00405,98,D8,2015-03-03
15-00373,98,D8,2015-02-25
15-00277,98,D8,2015-02-10
15-00210,98,D8,2015-02-01
15-00175,98,D8,2015-01-27
15-00158,98,D8,2015-01-24
15-00126,98,D8,2015-01-21
15-00123,98,D8,2015-01-21
15-00144,98,D8,2015-01-21
15-00113,98,D8,2015-01-20
15-00112,98,D8,2015-01-20
15-00124,98,D8,2015-01-20
15-00042,98,D8,2015-01-07
15-00463,98,D8,2015-03-02
14-00609,98,D8,2014-09-05
14-00610,98,D8,2014-09-05
14-00694,98,D8,2014-10-10
14-00566,98,D8,2014-08-12
14-00539,98,D8,2014-07-29
14-00538,98,D8,2014-07-29
11-00684,-1,B3,2011-06-27
10-00129,-1,D4,2010-04-27
07-00391,-1,D5,2007-06-04
24-01146,99,D8,2024-09-02
24-01149,99,D8,2024-09-02
24-01133,99,D8,2024-09-02
24-01163,99,D8,2024-09-05
24-01140,99,D8,2024-08-30
24-01135,99,D8,2024-08-30
24-01139,99,D8,2024-08-30
24-01136,99,D8,2024-08-30
24-01118,99,D8,2024-08-28
24-01119,99,D8,2024-08-28
24-01111,99,D8,2024-08-27
24-01110,99,D8,2024-08-27
24-01120,99,D8,2024-08-27
24-01104,99,D8,2024-08-27
24-01124,99,D8,2024-08-27
24-01112,99,D8,2024-08-27
24-01150,99,D8,2024-08-27
24-01113,99,D8,2024-08-27
24-01116,99,D8,2024-08-27
24-01114,99,D8,2024-08-27
24-01151,99,D8,2024-08-27
24-01117,99,D8,2024-08-27
24-01098,99,D8,2024-08-23
24-01082,99,D8,2024-08-21
24-01089,99,D8,2024-08-21
24-01093,99,D8,2024-08-20
24-01091,99,D8,2024-08-14
24-01060,99,D8,2024-08-09
24-01052,99,D8,2024-08-09
24-01065,99,D8,2024-07-31
24-01062,99,D8,2024-07-31
24-01030,99,D8,2024-07-31
24-01034,99,D8,2024-07-31
24-01063,99,D8,2024-07-31
24-01066,99,D8,2024-07-31
24-00994,99,D8,2024-07-23
24-00945,99,D8,2024-07-18
24-00948,99,D8,2024-07-18
24-00950,99,D8,2024-07-18
24-00943,99,D8,2024-07-18
24-00952,99,D8,2024-07-18
24-00946,99,D8,2024-07-18
24-00953,99,D8,2024-07-17
24-00965,99,D8,2024-07-17
24-00961,99,D8,2024-07-15
24-00878,99,D8,2024-07-02
24-00876,99,D8,2024-07-01
24-00888,99,D8,2024-06-30
24-00886,99,D8,2024-06-30
24-00887,99,D8,2024-06-30
24-00714,99,D8,2024-05-24
24-00705,99,D8,2024-05-14
24-00098,99,D8,2024-01-25
24-00070,99,D8,2024-01-18
24-00072,99,D8,2024-01-18
24-00073,99,D8,2024-01-18
24-00069,99,D8,2024-01-18
24-01130,99,D8,2024-08-28
24-01142,99,D8,2024-08-26
24-00849,99,D8,2024-06-22
24-00811,99,D8,2024-06-14
24-00759,99,D8,2024-06-04
24-00696,99,D8,2024-05-22
24-00677,99,D8,2024-05-14
24-00631,99,D8,2024-05-13
24-00630,99,D8,2024-05-08
24-00586,99,D8,2024-04-30
24-00577,99,D8,2024-04-28
24-00580,99,D8,2024-04-23
24-00403,99,D8,2024-03-28
24-00227,99,D8,2024-02-20
24-00172,99,D8,2024-02-13
24-00080,99,D8,2024-01-18
24-00148,99,D8,2023-12-31
23-00885,99,D8,2023-12-13
23-00768,99,D8,2023-10-30
23-00506,99,D8,2023-07-11
24-01081,99,D8,2024-08-21
24-01078,99,D8,2024-08-21
24-01088,99,D8,2024-08-21
24-01086,99,D8,2024-08-21
18-00739,100,D8,2018-08-23
18-00754,100,D8,2018-09-03
18-00737,100,D8,2018-08-20
18-00713,100,D8,2018-08-10
18-00735,100,D8,2018-08-09
18-00734,100,D8,2018-08-08
18-00697,100,D8,2018-08-02
18-00699,100,D8,2018-08-01
18-00706,100,D8,2018-07-31
18-00705,100,D8,2018-07-31
18-00692,100,D8,2018-07-30
18-00703,100,D8,2018-07-26
18-00686,100,D8,2018-07-25
19-00565,100,D8,2019-04-25
19-00532,100,D8,2019-04-18
19-00477,100,D8,2019-04-08
19-00408,100,D8,2019-03-28
19-00125,100,D8,2019-02-13
19-00094,100,D8,2019-01-30
19-00086,100,D8,2019-01-22
19-00061,100,D8,2019-01-21
19-00677,100,D8,2019-05-21
19-00402,100,D8,2019-03-29
19-00971,100,D8,2019-08-07
19-00257,100,D8,2019-03-11
15-01264,101,D8,2015-07-22
14-00297,101,D8,2014-05-09
15-01179,101,D8,2015-06-26
15-00790,101,D8,2015-04-09
15-00031,101,D8,2015-01-03
14-00586,101,D8,2014-08-21
15-01420,102,D8,2015-10-08
15-01313,102,D8,2015-08-24
15-01312,102,D8,2015-08-20
15-01302,102,D8,2015-08-12
15-01281,102,D8,2015-07-27
15-01261,102,D8,2015-07-20
15-01259,102,D8,2015-07-16
15-01257,102,D8,2015-07-13
15-01258,102,D8,2015-07-13
15-01212,102,D8,2015-07-06
15-01201,102,D8,2015-07-05
15-01205,102,D8,2015-07-03
15-01200,102,D8,2015-07-03
15-01199,102,D8,2015-07-03
15-01195,102,D8,2015-07-03
15-01185,102,D8,2015-06-29
15-01178,102,D8,2015-06-25
15-01167,102,D8,2015-06-23
15-01166,102,D8,2015-06-19
15-01146,102,D8,2015-06-14
15-01138,102,D8,2015-06-12
15-01095,102,D8,2015-06-03
15-01106,102,D8,2015-06-03
15-01091,102,D8,2015-06-02
15-01100,102,D8,2015-06-02
15-01075,102,D8,2015-06-01
15-01088,102,D8,2015-06-01
15-01082,102,D8,2015-05-31
15-01081,102,D8,2015-05-31
15-01085,102,D8,2015-05-30
15-01083,102,D8,2015-05-30
15-01067,102,D8,2015-05-27
15-01072,102,D8,2015-05-25
15-01052,102,D8,2015-05-21
15-01049,102,D8,2015-05-21
15-01050,102,D8,2015-05-21
15-01056,102,D8,2015-05-20
15-01047,102,D8,2015-05-20
15-01033,102,D8,2015-05-18
15-01023,102,D8,2015-05-18
15-01016,102,D8,2015-05-17
15-01042,102,D8,2015-05-16
15-01025,102,D8,2015-05-15
15-01024,102,D8,2015-05-14
15-01015,102,D8,2015-05-14
15-01044,102,D8,2015-05-13
15-01043,102,D8,2015-05-13
15-01020,102,D8,2015-05-12
15-01021,102,D8,2015-05-12
15-00979,102,D8,2015-05-11
15-01009,102,D8,2015-05-11
15-00978,102,D8,2015-05-08
15-00964,102,D8,2015-05-07
15-00945,102,D8,2015-05-05
15-00926,102,D8,2015-05-02
15-00928,102,D8,2015-05-01
15-00959,102,D8,2015-04-30
15-00950,102,D8,2015-04-29
15-00914,102,D8,2015-04-29
15-00916,102,D8,2015-04-29
15-00907,102,D8,2015-04-28
15-00902,102,D8,2015-04-27
15-00944,102,D8,2015-04-26
15-00900,102,D8,2015-04-25
15-00880,102,D8,2015-04-24
15-00884,102,D8,2015-04-23
15-00859,102,D8,2015-04-22
15-00873,102,D8,2015-04-22
15-00887,102,D8,2015-04-22
15-00875,102,D8,2015-04-22
15-00886,102,D8,2015-04-22
15-00863,102,D8,2015-04-22
15-00870,102,D8,2015-04-21
15-00847,102,D8,2015-04-20
15-00852,102,D8,2015-04-19
15-00853,102,D8,2015-04-19
15-00851,102,D8,2015-04-19
15-00844,102,D8,2015-04-19
15-00846,102,D8,2015-04-18
15-00854,102,D8,2015-04-17
15-00838,102,D8,2015-04-17
15-00848,102,D8,2015-04-17
15-00831,102,D8,2015-04-16
15-00837,102,D8,2015-04-16
15-00832,102,D8,2015-04-16
15-00825,102,D8,2015-04-15
15-00917,102,D8,2015-04-15
15-00812,102,D8,2015-04-15
15-00811,102,D8,2015-04-15
15-00813,102,D8,2015-04-15
15-00829,102,D8,2015-04-15
15-00795,102,D8,2015-04-13
15-00815,102,D8,2015-04-13
15-00814,102,D8,2015-04-12
15-00800,102,D8,2015-04-11
15-00797,102,D8,2015-04-11
15-00787,102,D8,2015-04-10
15-00788,102,D8,2015-04-10
15-00783,102,D8,2015-04-09
15-00796,102,D8,2015-04-09
15-00782,102,D8,2015-04-09
15-00777,102,D8,2015-04-08
15-00768,102,D8,2015-04-07
15-00765,102,D8,2015-04-07
15-00779,102,D8,2015-04-06
15-00739,102,D8,2015-04-06
15-00742,102,D8,2015-04-06
15-00752,102,D8,2015-04-05
15-00737,102,D8,2015-04-05
15-00755,102,D8,2015-04-04
15-00772,102,D8,2015-04-03
15-00749,102,D8,2015-04-03
15-00770,102,D8,2015-04-03
15-00753,102,D8,2015-04-03
15-00731,102,D8,2015-04-02
15-00751,102,D8,2015-04-02
15-00721,102,D8,2015-04-02
15-00757,102,D8,2015-04-02
15-00760,102,D8,2015-04-01
15-00723,102,D8,2015-04-01
15-00734,102,D8,2015-04-01
15-00743,102,D8,2015-03-31
15-00718,102,D8,2015-03-30
15-00704,102,D8,2015-03-30
15-00709,102,D8,2015-03-28
15-00682,102,D8,2015-03-27
15-00710,102,D8,2015-03-27
15-00694,102,D8,2015-03-26
15-00673,102,D8,2015-03-26
15-00728,102,D8,2015-03-25
15-00660,102,D8,2015-03-25
15-00729,102,D8,2015-03-25
15-00652,102,D8,2015-03-25
15-00679,102,D8,2015-03-25
15-00716,102,D8,2015-03-24
15-00664,102,D8,2015-03-24
15-00650,102,D8,2015-03-24
15-00642,102,D8,2015-03-23
15-00671,102,D8,2015-03-23
15-00646,102,D8,2015-03-22
15-00639,102,D8,2015-03-22
15-00676,102,D8,2015-03-21
15-00633,102,D8,2015-03-20
15-00630,102,D8,2015-03-20
15-00643,102,D8,2015-03-20
15-00667,102,D8,2015-03-19
15-00668,102,D8,2015-03-19
15-00613,102,D8,2015-03-19
15-00589,102,D8,2015-03-19
15-00606,102,D8,2015-03-19
15-00597,102,D8,2015-03-18
15-00611,102,D8,2015-03-18
15-00584,102,D8,2015-03-18
15-00583,102,D8,2015-03-16
15-00594,102,D8,2015-03-16
15-00561,102,D8,2015-03-16
15-00649,102,D8,2015-03-16
15-00629,102,D8,2015-03-16
15-00573,102,D8,2015-03-14
15-00712,102,D8,2015-03-13
15-00546,102,D8,2015-03-12
15-00548,102,D8,2015-03-12
15-00558,102,D8,2015-03-12
15-00533,102,D8,2015-03-12
15-00627,102,D8,2015-03-12
15-00513,102,D8,2015-03-11
15-00549,102,D8,2015-03-11
15-00517,102,D8,2015-03-11
15-00502,102,D8,2015-03-10
15-00530,102,D8,2015-03-10
15-00512,102,D8,2015-03-09
15-00531,102,D8,2015-03-09
15-00514,102,D8,2015-03-09
15-00626,102,D8,2015-03-09
15-00527,102,D8,2015-03-09
15-00496,102,D8,2015-03-07
15-00500,102,D8,2015-03-07
15-00497,102,D8,2015-03-06
15-00487,102,D8,2015-03-06
15-00472,102,D8,2015-03-06
15-00536,102,D8,2015-03-06
15-00460,102,D8,2015-03-06
15-00499,102,D8,2015-03-05
15-00428,102,D8,2015-03-05
15-00431,102,D8,2015-03-05
15-00426,102,D8,2015-03-05
15-00465,102,D8,2015-03-05
15-00450,102,D8,2015-03-04
15-00439,102,D8,2015-03-04
15-00504,102,D8,2015-03-04
15-00412,102,D8,2015-03-04
15-00393,102,D8,2015-03-03
15-00414,102,D8,2015-03-03
15-00427,102,D8,2015-03-03
15-00403,102,D8,2015-03-03
15-00432,102,D8,2015-03-03
15-00395,102,D8,2015-03-01
15-00400,102,D8,2015-02-28
15-00372,102,D8,2015-02-27
15-00425,102,D8,2015-02-27
15-00363,102,D8,2015-02-26
15-00364,102,D8,2015-02-26
15-00625,102,D8,2015-02-26
15-00361,102,D8,2015-02-26
15-00359,102,D8,2015-02-25
15-00624,102,D8,2015-02-25
15-00344,102,D8,2015-02-24
15-00424,102,D8,2015-02-24
15-00334,102,D8,2015-02-23
15-00357,102,D8,2015-02-23
15-00330,102,D8,2015-02-23
15-00343,102,D8,2015-02-23
15-00336,102,D8,2015-02-22
15-00622,102,D8,2015-02-20
15-00326,102,D8,2015-02-20
15-00325,102,D8,2015-02-20
15-00345,102,D8,2015-02-19
15-00621,102,D8,2015-02-19
15-00307,102,D8,2015-02-18
15-00319,102,D8,2015-02-18
15-00296,102,D8,2015-02-17
15-00323,102,D8,2015-02-17
15-00620,102,D8,2015-02-17
15-00311,102,D8,2015-02-17
15-00294,102,D8,2015-02-17
15-00289,102,D8,2015-02-16
15-00293,102,D8,2015-02-16
15-00297,102,D8,2015-02-16
15-00619,102,D8,2015-02-13
15-00288,102,D8,2015-02-13
15-00286,102,D8,2015-02-13
15-00274,102,D8,2015-02-12
15-00276,102,D8,2015-02-11
15-00265,102,D8,2015-02-11
15-00266,102,D8,2015-02-11
15-00259,102,D8,2015-02-11
15-00267,102,D8,2015-02-11
15-00272,102,D8,2015-02-11
15-00255,102,D8,2015-02-10
15-00246,102,D8,2015-02-10
15-00285,102,D8,2015-02-10
15-00254,102,D8,2015-02-10
15-00284,102,D8,2015-02-09
15-00241,102,D8,2015-02-09
15-00253,102,D8,2015-02-09
15-00258,102,D8,2015-02-09
15-00237,102,D8,2015-02-06
15-00283,102,D8,2015-02-06
15-00240,102,D8,2015-02-06
15-00238,102,D8,2015-02-06
15-00245,102,D8,2015-02-06
15-00243,102,D8,2015-02-05
15-00221,102,D8,2015-02-04
15-00217,102,D8,2015-02-04
15-00223,102,D8,2015-02-04
15-00222,102,D8,2015-02-04
15-00220,102,D8,2015-02-04
15-00205,102,D8,2015-02-03
15-00216,102,D8,2015-02-03
15-00219,102,D8,2015-02-03
15-00202,102,D8,2015-02-02
15-00200,102,D8,2015-02-02
15-00194,102,D8,2015-02-02
15-00224,102,D8,2015-02-02
15-00203,102,D8,2015-02-02
15-00212,102,D8,2015-02-02
15-00211,102,D8,2015-02-02
15-00206,102,D8,2015-02-02
15-00195,102,D8,2015-02-02
15-00198,102,D8,2015-02-02
15-00197,102,D8,2015-02-01
15-00199,102,D8,2015-02-01
15-00191,102,D8,2015-01-31
15-00264,102,D8,2015-01-31
15-00192,102,D8,2015-01-30
15-00183,102,D8,2015-01-29
15-00185,102,D8,2015-01-28
15-00176,102,D8,2015-01-28
15-00182,102,D8,2015-01-28
15-00174,102,D8,2015-01-27
15-00193,102,D8,2015-01-27
15-00169,102,D8,2015-01-26
15-00168,102,D8,2015-01-26
15-00177,102,D8,2015-01-25
15-00155,102,D8,2015-01-23
15-00151,102,D8,2015-01-23
15-00146,102,D8,2015-01-23
15-00157,102,D8,2015-01-23
15-00145,102,D8,2015-01-23
15-00152,102,D8,2015-01-23
15-00160,102,D8,2015-01-23
15-00147,102,D8,2015-01-22
15-00153,102,D8,2015-01-22
15-00137,102,D8,2015-01-21
15-00127,102,D8,2015-01-21
15-00140,102,D8,2015-01-21
15-00128,102,D8,2015-01-21
15-00136,102,D8,2015-01-21
15-00139,102,D8,2015-01-21
15-00227,102,D8,2015-01-20
15-00228,102,D8,2015-01-20
15-00111,102,D8,2015-01-20
15-00141,102,D8,2015-01-20
15-00117,102,D8,2015-01-19
15-00118,102,D8,2015-01-19
15-00116,102,D8,2015-01-19
15-00105,102,D8,2015-01-19
15-00096,102,D8,2015-01-19
15-00110,102,D8,2015-01-19
15-00097,102,D8,2015-01-19
15-00109,102,D8,2015-01-19
15-00094,102,D8,2015-01-19
15-00119,102,D8,2015-01-19
15-00103,102,D8,2015-01-18
15-00098,102,D8,2015-01-17
15-00095,102,D8,2015-01-17
15-00087,102,D8,2015-01-16
15-00075,102,D8,2015-01-15
15-00076,102,D8,2015-01-15
15-00080,102,D8,2015-01-15
15-00084,102,D8,2015-01-15
15-00081,102,D8,2015-01-14
15-00107,102,D8,2015-01-14
15-00073,102,D8,2015-01-14
15-00062,102,D8,2015-01-13
15-00065,102,D8,2015-01-13
15-00063,102,D8,2015-01-12
15-00055,102,D8,2015-01-12
15-00054,102,D8,2015-01-12
15-00064,102,D8,2015-01-12
15-00052,102,D8,2015-01-12
15-00049,102,D8,2015-01-11
15-00050,102,D8,2015-01-09
15-00033,102,D8,2015-01-08
15-00057,102,D8,2015-01-08
15-00043,102,D8,2015-01-08
15-00059,102,D8,2015-01-08
15-00040,102,D8,2015-01-08
15-00037,102,D8,2015-01-08
15-00044,102,D8,2015-01-07
15-00170,102,D8,2015-01-05
15-00025,102,D8,2015-01-04
15-00030,102,D8,2015-01-03
15-00006,102,D8,2015-01-02
15-00046,102,D8,2014-12-30
15-00021,102,D8,2014-12-30
15-00013,102,D8,2014-12-29
15-00018,102,D8,2014-12-29
14-00887,102,D8,2014-12-27
15-00012,102,D8,2014-12-25
15-00009,102,D8,2014-12-24
15-00017,102,D8,2014-12-23
15-00010,102,D8,2014-12-23
15-00007,102,D8,2014-12-23
14-00888,102,D8,2014-12-23
14-00886,102,D8,2014-12-23
14-00881,102,D8,2014-12-22
14-00878,102,D8,2014-12-22
14-00879,102,D8,2014-12-19
14-00880,102,D8,2014-12-19
14-00884,102,D8,2014-12-19
14-00874,102,D8,2014-12-18
14-00876,102,D8,2014-12-18
14-00883,102,D8,2014-12-18
14-00873,102,D8,2014-12-18
14-00869,102,D8,2014-12-17
14-00866,102,D8,2014-12-17
14-00877,102,D8,2014-12-16
14-00872,102,D8,2014-12-16
14-00863,102,D8,2014-12-16
14-00862,102,D8,2014-12-15
14-00865,102,D8,2014-12-15
14-00857,102,D8,2014-12-15
14-00875,102,D8,2014-12-14
14-00852,102,D8,2014-12-13
14-00853,102,D8,2014-12-13
14-00851,102,D8,2014-12-13
14-00856,102,D8,2014-12-12
14-00854,102,D8,2014-12-12
14-00864,102,D8,2014-12-11
14-00858,102,D8,2014-12-11
14-00848,102,D8,2014-12-09
14-00847,102,D8,2014-12-09
14-00845,102,D8,2014-12-08
14-00846,102,D8,2014-12-08
14-00844,102,D8,2014-12-05
14-00843,102,D8,2014-12-05
14-00828,102,D8,2014-12-02
14-00765,102,D8,2014-11-17
14-00764,102,D8,2014-11-17
14-00762,102,D8,2014-11-17
14-00760,102,D8,2014-11-13
14-00759,102,D8,2014-11-13
14-00757,102,D8,2014-11-11
14-00761,102,D8,2014-11-11
14-00728,102,D8,2014-10-30
14-00713,102,D8,2014-10-20
14-00702,102,D8,2014-10-15
14-00699,102,D8,2014-10-06
14-00665,102,D8,2014-09-26
14-00645,102,D8,2014-09-22
14-00637,102,D8,2014-09-16
14-00638,102,D8,2014-09-16
14-00611,102,D8,2014-09-02
14-00582,102,D8,2014-08-22
14-00620,102,D8,2014-08-07
14-00515,102,D8,2014-07-10
11-00694,-1,B3,2011-06-30
16-00348,103,B3,2016-06-09
16-00462,103,B3,2016-07-14
16-00322,103,B3,2016-06-08
16-00318,103,B3,2016-06-07
16-00298,103,B3,2016-06-02
16-00301,103,B3,2016-06-01
16-00310,103,B3,2016-06-01
16-00299,103,B3,2016-06-01
16-00288,103,B3,2016-05-31
16-00287,103,B3,2016-05-30
16-00285,103,B3,2016-05-27
16-00284,103,B3,2016-05-25
16-00279,103,B3,2016-05-23
16-00265,103,B3,2016-05-19
16-00261,103,B3,2016-05-14
16-00252,103,B3,2016-05-13
16-00253,103,B3,2016-05-13
16-00254,103,B3,2016-05-12
16-00244,103,B3,2016-05-10
16-00241,103,B3,2016-05-09
16-00239,103,B3,2016-05-09
16-00237,103,B3,2016-05-06
16-00240,103,B3,2016-05-04
16-00235,103,B3,2016-05-03
16-00229,103,B3,2016-05-02
16-00219,103,B3,2016-04-29
16-00198,103,B3,2016-04-26
16-00211,103,B3,2016-04-26
16-00215,103,B3,2016-04-26
16-00197,103,B3,2016-04-25
16-00154,103,B3,2016-04-14
16-00151,103,B3,2016-04-12
16-00221,103,B3,2016-04-29
16-00126,103,B3,2016-03-17
15-01053,103,B3,2015-05-21
15-00956,103,B3,2015-05-06
14-00083,103,B3,2014-02-25
14-00054,103,B3,2014-02-12
14-00053,103,B3,2014-02-10
14-00025,103,B3,2014-01-22
24-01058,103,B3,2024-08-12
24-00933,103,B3,2024-07-15
24-00917,103,B3,2024-07-06
24-00867,103,B3,2024-06-27
24-00854,103,B3,2024-06-26
24-00407,103,B3,2024-04-03
24-00369,103,B3,2024-03-20
24-00233,103,B3,2024-02-23
23-00802,103,B3,2023-11-10
23-00577,103,B3,2023-08-15
23-00571,103,B3,2023-08-14
23-00569,103,B3,2023-08-09
23-00550,103,B3,2023-08-03
23-00551,103,B3,2023-08-02
23-00549,103,B3,2023-08-02
23-00548,103,B3,2023-07-31
23-00475,103,B3,2023-07-03
23-00474,103,B3,2023-07-03
22-00085,103,B3,2022-02-24
22-00081,103,B3,2022-02-16
22-00052,103,B3,2022-02-10
21-00374,103,B3,2021-09-22
21-00372,103,B3,2021-09-24
21-00373,103,B3,2021-09-26
23-00291,103,B3,2023-05-02
22-00073,103,B3,2022-02-17
24-00795,103,B3,2024-06-11
23-00184,103,B3,2023-03-20
18-00040,103,B3,2018-01-10
11-00756,103,B3,2011-08-02
11-00742,103,B3,2011-07-21
11-00718,103,B3,2011-07-07
10-00178,-1,D4,2010-04-29
07-00568,-1,D5,2007-08-02
24-01122,104,D8,2024-08-26
24-01121,104,D8,2024-08-26
24-00930,105,D8,2024-07-11
24-00928,105,D8,2024-07-11
24-00929,105,D8,2024-07-11
24-00812,105,D8,2024-06-14
24-00807,105,D8,2024-06-13
24-00760,105,D8,2024-06-11
24-00786,105,D8,2024-06-05
24-00735,105,D8,2024-06-03
24-00731,105,D8,2024-05-31
24-00722,105,D8,2024-05-22
24-00656,105,D8,2024-05-15
24-00642,105,D8,2024-04-29
24-00643,105,D8,2024-04-29
24-00525,105,D8,2024-04-22
24-00528,105,D8,2024-04-19
24-00516,105,D8,2024-04-18
24-00530,105,D8,2024-04-18
24-00540,105,D8,2024-04-15
24-00473,105,D8,2024-04-12
24-00472,105,D8,2024-04-09
24-00443,105,D8,2024-04-09
24-00387,105,D8,2024-03-20
24-00412,105,D8,2024-03-16
24-00208,105,D8,2024-02-19
24-00167,105,D8,2024-02-13
24-00173,105,D8,2024-02-12
24-00176,105,D8,2024-02-12
24-00275,105,D8,2024-02-07
24-00574,105,D8,2024-01-31
24-00122,105,D8,2024-01-30
24-00113,105,D8,2024-01-30
24-00131,105,D8,2024-01-29
24-00276,105,D8,2024-01-29
24-00185,105,D8,2024-01-26
24-00095,105,D8,2024-01-25
24-00067,105,D8,2024-01-12
24-00037,105,D8,2024-01-09
23-00773,105,D8,2023-10-25
23-00770,105,D8,2023-10-24
23-00738,105,D8,2023-10-19
23-00735,105,D8,2023-10-18
23-00731,105,D8,2023-10-16
23-00650,105,D8,2023-09-13
23-00304,105,D8,2023-05-16
23-00310,105,D8,2023-05-15
23-00325,105,D8,2023-05-13
23-00179,105,D8,2023-03-13
22-00571,105,D8,2022-12-08
24-00140,105,D8,2024-02-05
24-00575,105,D8,2024-04-04
24-00479,105,D8,2024-04-16
23-00690,105,D8,2023-09-23
23-00689,105,D8,2023-09-23
23-00695,105,D8,2023-09-27
23-00826,105,D8,2023-11-21
23-00830,105,D8,2023-11-23
23-00827,105,D8,2023-11-21
16-00413,106,D8,2016-06-17
16-00375,106,D8,2016-06-15
16-00391,106,D8,2016-06-14
16-00390,106,D8,2016-06-13
16-00349,106,D8,2016-06-03
16-00311,106,D8,2016-06-02
16-00313,106,D8,2016-06-02
16-00354,106,D8,2016-06-02
16-00292,106,D8,2016-06-02
16-00305,106,D8,2016-06-02
16-00309,106,D8,2016-05-31
16-00276,106,D8,2016-05-23
16-00277,106,D8,2016-05-22
16-00278,106,D8,2016-05-22
16-00270,106,D8,2016-05-17
10-00142,-1,D4,2010-04-30
07-00639,-1,D5,2007-09-20
16-00646,-1,D8,2016-10-09
10-00146,-1,D4,2010-05-04
07-00640,-1,D5,2007-09-24
16-00776,-1,D8,2016-11-18
10-00163,-1,D4,2010-05-10
08-00021,107,D5,2008-01-17
08-00029,107,D5,2008-01-17
09-00072,108,D5,2009-02-09
08-00668,108,D5,2008-07-14
08-00607,108,D5,2008-06-24
08-00583,108,D5,2008-06-16
08-00566,108,D5,2008-06-12
08-00577,108,D5,2008-06-12
08-00553,108,D5,2008-06-10
08-00538,108,D5,2008-06-05
08-00523,108,D5,2008-05-29
08-00522,108,D5,2008-05-27
08-00467,108,D5,2008-05-16
08-00460,108,D5,2008-05-15
08-00458,108,D5,2008-05-15
08-00459,108,D5,2008-05-14
08-00452,108,D5,2008-05-14
08-00453,108,D5,2008-05-14
08-00441,108,D5,2008-05-09
08-00402,108,D5,2008-05-06
08-00380,108,D5,2008-05-05
08-00381,108,D5,2008-05-05
08-00377,108,D5,2008-05-05
08-00379,108,D5,2008-05-04
08-00374,108,D5,2008-05-03
08-00378,108,D5,2008-05-02
08-00370,108,D5,2008-04-30
08-00356,108,D5,2008-04-28
08-00341,108,D5,2008-04-26
08-00343,108,D5,2008-04-26
08-00366,108,D5,2008-04-25
08-00342,108,D5,2008-04-25
08-00339,108,D5,2008-04-25
08-00351,108,D5,2008-04-25
08-00331,108,D5,2008-04-24
08-00329,108,D5,2008-04-24
08-00316,108,D5,2008-04-24
08-00332,108,D5,2008-04-24
08-00340,108,D5,2008-04-24
08-00328,108,D5,2008-04-24
08-00327,108,D5,2008-04-24
08-00330,108,D5,2008-04-24
08-00344,108,D5,2008-04-23
08-00303,108,D5,2008-04-22
08-00304,108,D5,2008-04-22
08-00337,108,D5,2008-04-21
08-00279,108,D5,2008-04-21
08-00319,108,D5,2008-04-21
08-00323,108,D5,2008-04-21
08-00322,108,D5,2008-04-21
08-00311,108,D5,2008-04-21
08-00294,108,D5,2008-04-19
08-00300,108,D5,2008-04-19
08-00272,108,D5,2008-04-18
08-00276,108,D5,2008-04-18
08-00362,108,D5,2008-04-18
08-00295,108,D5,2008-04-18
08-00282,108,D5,2008-04-18
08-00278,108,D5,2008-04-18
08-00299,108,D5,2008-04-18
08-00281,108,D5,2008-04-18
08-00271,108,D5,2008-04-17
08-00250,108,D5,2008-04-17
08-00259,108,D5,2008-04-17
08-00254,108,D5,2008-04-16
08-00277,108,D5,2008-04-16
08-00252,108,D5,2008-04-15
08-00258,108,D5,2008-04-15
08-00263,108,D5,2008-04-15
08-00255,108,D5,2008-04-15
08-00257,108,D5,2008-04-14
08-00227,108,D5,2008-04-10
08-00237,108,D5,2008-04-09
08-00235,108,D5,2008-04-09
08-00220,108,D5,2008-04-09
08-00221,108,D5,2008-04-08
08-00216,108,D5,2008-04-07
08-00211,108,D5,2008-04-05
08-00203,108,D5,2008-04-04
08-00210,108,D5,2008-04-04
08-00202,108,D5,2008-04-04
08-00209,108,D5,2008-04-04
08-00201,108,D5,2008-04-04
08-00207,108,D5,2008-04-04
08-00198,108,D5,2008-04-03
08-00199,108,D5,2008-04-03
08-00193,108,D5,2008-04-02
08-00196,108,D5,2008-04-02
08-00204,108,D5,2008-04-02
08-00195,108,D5,2008-04-02
08-00208,108,D5,2008-04-02
08-00200,108,D5,2008-04-01
08-00192,108,D5,2008-03-31
08-00188,108,D5,2008-03-31
08-00190,108,D5,2008-03-31
08-00189,108,D5,2008-03-31
08-00183,108,D5,2008-03-28
08-00179,108,D5,2008-03-28
08-00182,108,D5,2008-03-28
08-00176,108,D5,2008-03-28
08-00181,108,D5,2008-03-28
08-00174,108,D5,2008-03-25
08-00171,108,D5,2008-03-25
08-00173,108,D5,2008-03-23
08-00166,108,D5,2008-03-21
08-00165,108,D5,2008-03-21
08-00163,108,D5,2008-03-20
08-00168,108,D5,2008-03-20
08-00169,108,D5,2008-03-20
08-00167,108,D5,2008-03-20
08-00162,108,D5,2008-03-20
08-00158,108,D5,2008-03-19
08-00157,108,D5,2008-03-18
08-00155,108,D5,2008-03-17
08-00140,108,D5,2008-03-13
08-00138,108,D5,2008-03-12
08-00144,108,D5,2008-03-12
08-00139,108,D5,2008-03-12
08-00137,108,D5,2008-03-12
08-00133,108,D5,2008-03-12
08-00136,108,D5,2008-03-10
08-00125,108,D5,2008-03-07
08-00126,108,D5,2008-03-07
08-00124,108,D5,2008-03-06
08-00116,108,D5,2008-03-04
08-00117,108,D5,2008-03-04
08-00107,108,D5,2008-03-04
08-00121,108,D5,2008-03-03
08-00120,108,D5,2008-03-03
08-00098,108,D5,2008-02-28
08-00089,108,D5,2008-02-22
08-00083,108,D5,2008-02-21
08-00079,108,D5,2008-02-18
08-00077,108,D5,2008-02-15
08-00062,108,D5,2008-02-08
08-00061,108,D5,2008-02-07
08-00056,108,D5,2008-02-06
08-00049,108,D5,2008-01-30
08-00050,108,D5,2008-01-29
08-00051,108,D5,2008-01-29
08-00030,108,D5,2008-01-21
08-00020,108,D5,2008-01-18
08-00027,108,D5,2008-01-18
08-00026,108,D5,2008-01-18
13-00075,-1,D8,2013-03-07
10-00174,-1,D4,2010-05-11
13-00080,109,D8,2013-03-08
13-00073,109,D8,2013-03-08
10-00180,-1,D4,2010-05-12
13-00072,-1,D8,2013-03-11
10-00192,-1,D4,2010-05-20
13-00076,-1,D8,2013-03-12
10-00195,110,D4,2010-05-25
10-00196,110,D4,2010-05-25
13-00182,111,D4,2013-04-28
13-00181,111,D4,2013-04-27
13-00151,111,D4,2013-04-19
13-00123,111,D4,2013-04-06
13-00100,111,D4,2013-04-03
12-00383,111,D4,2012-12-06
12-00381,111,D4,2012-11-23
12-00200,111,D4,2012-05-31
12-00201,111,D4,2012-05-31
12-00190,111,D4,2012-05-21
12-00189,111,D4,2012-05-21
12-00192,111,D4,2012-05-20
12-00184,111,D4,2012-05-18
12-00144,111,D4,2012-05-11
12-00132,111,D4,2012-05-09
12-00124,111,D4,2012-05-04
12-00127,111,D4,2012-05-04
12-00125,111,D4,2012-05-04
12-00126,111,D4,2012-05-04
12-00115,111,D4,2012-04-30
12-00101,111,D4,2012-04-23
12-00099,111,D4,2012-04-20
12-00098,111,D4,2012-04-20
12-00079,111,D4,2012-04-13
11-00819,111,D4,2011-09-07
11-00774,111,D4,2011-08-07
11-00715,111,D4,2011-07-05
11-00704,111,D4,2011-07-04
11-00654,111,D4,2011-06-17
11-00664,111,D4,2011-06-15
11-00665,111,D4,2011-06-15
11-00634,111,D4,2011-06-14
11-00630,111,D4,2011-06-10
11-00647,111,D4,2011-06-08
11-00593,111,D4,2011-05-31
11-00613,111,D4,2011-05-30
11-00646,111,D4,2011-05-27
11-00580,111,D4,2011-05-27
11-00583,111,D4,2011-05-27
11-00585,111,D4,2011-05-27
11-00582,111,D4,2011-05-27
11-00584,111,D4,2011-05-27
11-00551,111,D4,2011-05-26
11-00552,111,D4,2011-05-26
11-00549,111,D4,2011-05-25
11-00542,111,D4,2011-05-24
11-00548,111,D4,2011-05-23
11-00504,111,D4,2011-05-18
11-00510,111,D4,2011-05-18
11-00512,111,D4,2011-05-18
11-00511,111,D4,2011-05-18
11-00494,111,D4,2011-05-17
11-00496,111,D4,2011-05-17
11-00484,111,D4,2011-05-17
11-00499,111,D4,2011-05-17
11-00498,111,D4,2011-05-17
11-00531,111,D4,2011-05-16
11-00480,111,D4,2011-05-16
11-00479,111,D4,2011-05-13
11-00462,111,D4,2011-05-13
11-00454,111,D4,2011-05-11
11-00442,111,D4,2011-05-10
11-00450,111,D4,2011-05-10
11-00440,111,D4,2011-05-09
11-00432,111,D4,2011-05-06
11-00434,111,D4,2011-05-06
11-00422,111,D4,2011-05-04
11-00414,111,D4,2011-05-04
11-00412,111,D4,2011-05-04
11-00418,111,D4,2011-05-04
11-00419,111,D4,2011-05-04
11-00411,111,D4,2011-05-04
11-00413,111,D4,2011-05-04
11-00416,111,D4,2011-05-04
11-00421,111,D4,2011-05-04
11-00396,111,D4,2011-05-03
11-00398,111,D4,2011-04-27
11-00363,111,D4,2011-04-27
11-00362,111,D4,2011-04-27
11-00355,111,D4,2011-04-22
11-00352,111,D4,2011-04-21
11-00346,111,D4,2011-04-21
11-00351,111,D4,2011-04-20
11-00335,111,D4,2011-04-19
11-00333,111,D4,2011-04-19
11-00334,111,D4,2011-04-19
11-00404,111,D4,2011-04-18
11-00327,111,D4,2011-04-18
11-00324,111,D4,2011-04-14
11-00316,111,D4,2011-04-12
11-00305,111,D4,2011-04-12
11-00317,111,D4,2011-04-12
11-00299,111,D4,2011-04-08
11-00294,111,D4,2011-04-08
11-00303,111,D4,2011-04-08
11-00288,111,D4,2011-04-07
11-00287,111,D4,2011-04-07
11-00277,111,D4,2011-04-07
11-00276,111,D4,2011-04-07
11-00275,111,D4,2011-04-07
11-00279,111,D4,2011-04-06
11-00271,111,D4,2011-04-05
11-00274,111,D4,2011-04-05
11-00269,111,D4,2011-04-05
11-00267,111,D4,2011-04-04
11-00268,111,D4,2011-04-04
11-00240,111,D4,2011-03-29
11-00244,111,D4,2011-03-28
11-00239,111,D4,2011-03-28
11-00241,111,D4,2011-03-28
11-00248,111,D4,2011-03-28
11-00255,111,D4,2011-03-26
11-00238,111,D4,2011-03-25
11-00254,111,D4,2011-03-25
11-00232,111,D4,2011-03-23
11-00228,111,D4,2011-03-22
11-00231,111,D4,2011-03-22
11-00222,111,D4,2011-03-21
11-00210,111,D4,2011-03-17
11-00206,111,D4,2011-03-17
11-00224,111,D4,2011-03-14
11-00193,111,D4,2011-03-13
11-00187,111,D4,2011-03-10
11-00182,111,D4,2011-03-09
11-00181,111,D4,2011-03-09
11-00183,111,D4,2011-03-09
11-00196,111,D4,2011-03-08
11-00195,111,D4,2011-03-07
11-00152,111,D4,2011-03-02
11-00151,111,D4,2011-03-02
11-00167,111,D4,2011-02-25
11-00168,111,D4,2011-02-24
11-00166,111,D4,2011-02-24
11-00140,111,D4,2011-02-24
11-00126,111,D4,2011-02-22
11-00109,111,D4,2011-02-21
11-00139,111,D4,2011-02-19
11-00138,111,D4,2011-02-19
11-00112,111,D4,2011-02-18
11-00086,111,D4,2011-02-15
11-00099,111,D4,2011-02-14
11-00165,111,D4,2011-02-10
11-00077,111,D4,2011-02-10
11-00069,111,D4,2011-02-09
11-00070,111,D4,2011-02-09
11-00094,111,D4,2011-02-08
11-00164,111,D4,2011-02-07
11-00044,111,D4,2011-02-03
11-00093,111,D4,2011-02-03
11-00043,111,D4,2011-02-02
11-00092,111,D4,2011-01-31
11-00091,111,D4,2011-01-31
11-00090,111,D4,2011-01-28
11-00088,111,D4,2011-01-28
11-00089,111,D4,2011-01-28
11-00019,111,D4,2011-01-20
11-00020,111,D4,2011-01-20
10-00430,111,D4,2010-09-28
10-00428,111,D4,2010-09-24
10-00425,111,D4,2010-09-23
10-00423,111,D4,2010-09-23
10-00424,111,D4,2010-09-23
10-00413,111,D4,2010-09-14
10-00389,111,D4,2010-08-27
10-00385,111,D4,2010-08-25
10-00386,111,D4,2010-08-25
10-00377,111,D4,2010-08-23
10-00380,111,D4,2010-08-22
10-00381,111,D4,2010-08-22
10-00379,111,D4,2010-08-22
10-00368,111,D4,2010-08-19
10-00366,111,D4,2010-08-16
10-00354,111,D4,2010-08-05
10-00349,111,D4,2010-07-27
10-00346,111,D4,2010-07-27
10-00345,111,D4,2010-07-26
10-00258,111,D4,2010-06-15
10-00250,111,D4,2010-06-10
10-00244,111,D4,2010-06-08
10-00225,111,D4,2010-06-08
10-00212,111,D4,2010-05-31
10-00208,111,D4,2010-05-27
10-00211,111,D4,2010-05-27
10-00197,111,D4,2010-05-25
13-00078,-1,D8,2013-03-15
13-00086,-1,D8,2013-03-21
13-00093,-1,D8,2013-03-26
13-00092,-1,D8,2013-03-28
13-00104,112,D8,2013-04-02
13-00102,112,D8,2013-04-02
13-00103,112,D8,2013-04-02
13-00101,112,D8,2013-04-02
13-00095,-1,D8,2013-04-02
13-00108,-1,D8,2013-04-04
13-00115,-1,D8,2013-04-08
13-00122,-1,D8,2013-04-10
13-00135,113,D8,2013-04-12
13-00130,113,D8,2013-04-12
13-00132,114,D8,2013-04-15
13-00134,114,D8,2013-04-15
13-00133,114,D8,2013-04-15
13-00129,114,D8,2013-04-15
13-00136,-1,D8,2013-04-15
13-00139,-1,D8,2013-04-16
13-00144,-1,D8,2013-04-18
13-00157,-1,D8,2013-04-19
13-00149,115,D8,2013-04-22
13-00161,115,D8,2013-04-22
13-00160,116,D8,2013-04-23
13-00162,116,D8,2013-04-23
13-00163,116,D8,2013-04-23
13-00166,116,D8,2013-04-23
13-00164,-1,D8,2013-04-23
13-00173,-1,D8,2013-04-24
13-00169,117,D8,2013-04-25
13-00170,117,D8,2013-04-25
13-00192,118,D8,2013-04-26
13-00177,118,D8,2013-04-26
13-00193,-1,D8,2013-04-26
13-00197,119,D8,2013-04-27
13-00203,119,D8,2013-04-27
13-00187,120,D8,2013-04-29
13-00186,120,D8,2013-04-29
13-00189,121,D8,2013-04-30
13-00198,121,D8,2013-04-30
13-00200,122,D8,2013-05-02
13-00199,122,D8,2013-05-02
13-00208,123,D8,2013-05-03
13-00202,123,D8,2013-05-03
13-00211,-1,D8,2013-05-04
13-00215,124,D8,2013-05-06
13-00217,124,D8,2013-05-06
13-00212,-1,D8,2013-05-06
13-00214,125,D8,2013-05-07
13-00209,125,D8,2013-05-07
13-00213,-1,D8,2013-05-07
13-00223,-1,D8,2013-05-08
13-00226,126,D8,2013-05-09
13-00222,126,D8,2013-05-09
13-00230,127,D8,2013-05-13
13-00228,127,D8,2013-05-13
13-00247,128,D8,2013-05-15
13-00250,128,D8,2013-05-15
13-00259,128,D8,2013-05-15
13-00251,128,D8,2013-05-15
13-00249,-1,D8,2013-05-15
13-00248,129,D8,2013-05-16
13-00262,129,D8,2013-05-16
13-00263,129,D8,2013-05-16
13-00258,129,D8,2013-05-16
13-00257,130,D8,2013-05-16
13-00260,130,D8,2013-05-16
13-00301,-1,D8,2013-05-17
13-00305,131,D8,2013-05-18
13-00307,131,D8,2013-05-18
13-00306,132,D8,2013-05-19
13-00302,132,D8,2013-05-19
13-00304,-1,D8,2013-05-20
13-00297,133,D8,2013-05-21
13-00318,133,D8,2013-05-21
13-00320,-1,D8,2013-05-21
13-00315,-1,D8,2013-05-22
13-00341,134,D8,2013-05-23
13-00332,134,D8,2013-05-23
13-00329,134,D8,2013-05-23
13-00339,134,D8,2013-05-23
13-00330,-1,D8,2013-05-24
13-00351,135,D8,2013-05-27
13-00338,135,D8,2013-05-27
13-00340,-1,D8,2013-05-27
13-00371,136,D8,2013-05-28
13-00342,136,D8,2013-05-28
13-00372,137,D8,2013-05-29
13-00350,137,D8,2013-05-29
13-00349,137,D8,2013-05-29
13-00360,137,D8,2013-05-29
13-00369,-1,D8,2013-05-29
13-00355,138,D8,2013-05-30
13-00361,138,D8,2013-05-30
13-00362,138,D8,2013-05-30
13-00354,138,D8,2013-05-30
13-00366,139,D8,2013-05-31
13-00373,139,D8,2013-05-31
13-00365,-1,D8,2013-05-31
13-00379,-1,D8,2013-06-02
13-00381,140,D8,2013-06-03
13-00377,140,D8,2013-06-03
13-00382,140,D8,2013-06-03
13-00388,140,D8,2013-06-03
13-00374,141,D8,2013-06-03
13-00432,141,D8,2013-06-03
24-00437,142,D8,2024-03-15
23-00392,142,D8,2023-05-31
23-00303,142,D8,2023-05-12
23-00277,142,D8,2023-04-26
23-00276,142,D8,2023-04-26
23-00229,142,D8,2023-04-14
17-01023,142,D8,2017-08-31
16-00655,142,D8,2016-09-27
16-00613,142,D8,2016-09-16
16-00584,142,D8,2016-08-31
16-00574,142,D8,2016-08-28
16-00567,142,D8,2016-08-17
16-00566,142,D8,2016-08-17
16-00544,142,D8,2016-08-10
16-00528,142,D8,2016-08-08
16-00519,142,D8,2016-08-03
16-00522,142,D8,2016-08-03
16-00508,142,D8,2016-08-01
16-00509,142,D8,2016-08-01
16-00516,142,D8,2016-07-29
16-00517,142,D8,2016-07-29
16-00495,142,D8,2016-07-27
16-00479,142,D8,2016-07-23
16-00481,142,D8,2016-07-23
16-00478,142,D8,2016-07-22
16-00444,142,D8,2016-07-08
16-00440,142,D8,2016-07-06
16-00436,142,D8,2016-07-05
16-00428,142,D8,2016-07-02
16-00420,142,D8,2016-06-28
16-00418,142,D8,2016-06-27
16-00421,142,D8,2016-06-27
16-00407,142,D8,2016-06-26
16-00409,142,D8,2016-06-26
16-00429,142,D8,2016-06-22
16-00381,142,D8,2016-06-18
16-00383,142,D8,2016-06-17
16-00382,142,D8,2016-06-17
16-00402,142,D8,2016-06-17
16-00403,142,D8,2016-06-17
16-00371,142,D8,2016-06-16
16-00392,142,D8,2016-06-16
16-00046,142,D8,2016-02-06
16-00045,142,D8,2016-02-06
15-00733,142,D8,2015-03-25
14-00052,142,D8,2014-02-12
14-00055,142,D8,2014-02-08
13-00855,142,D8,2013-11-22
13-00841,142,D8,2013-11-20
13-00808,142,D8,2013-10-29
13-00772,142,D8,2013-10-20
13-00763,142,D8,2013-10-02
13-00744,142,D8,2013-10-01
13-00764,142,D8,2013-10-01
13-00742,142,D8,2013-10-01
13-00743,142,D8,2013-09-30
13-00733,142,D8,2013-09-24
13-00720,142,D8,2013-09-23
13-00721,142,D8,2013-09-20
13-00709,142,D8,2013-09-20
13-00711,142,D8,2013-09-19
13-00697,142,D8,2013-09-16
13-00704,142,D8,2013-09-16
13-00708,142,D8,2013-09-11
13-00696,142,D8,2013-09-10
13-00701,142,D8,2013-09-09
13-00700,142,D8,2013-09-09
13-00683,142,D8,2013-09-04
13-00689,142,D8,2013-08-31
13-00698,142,D8,2013-08-25
13-00667,142,D8,2013-08-20
13-00661,142,D8,2013-08-16
13-00645,142,D8,2013-08-09
13-00643,142,D8,2013-08-09
13-00633,142,D8,2013-08-05
13-00634,142,D8,2013-08-05
13-00624,142,D8,2013-07-26
13-00616,142,D8,2013-07-25
13-00619,142,D8,2013-07-24
13-00599,142,D8,2013-07-23
13-00605,142,D8,2013-07-20
13-00597,142,D8,2013-07-19
13-00567,142,D8,2013-07-11
13-00566,142,D8,2013-07-10
13-00534,142,D8,2013-07-04
13-00532,142,D8,2013-07-03
13-00522,142,D8,2013-07-02
13-00521,142,D8,2013-07-02
13-00523,142,D8,2013-07-02
13-00524,142,D8,2013-07-02
13-00551,142,D8,2013-07-01
13-00489,142,D8,2013-06-28
13-00490,142,D8,2013-06-28
13-00491,142,D8,2013-06-27
13-00482,142,D8,2013-06-26
13-00470,142,D8,2013-06-25
13-00479,142,D8,2013-06-25
13-00475,142,D8,2013-06-24
13-00466,142,D8,2013-06-23
13-00467,142,D8,2013-06-23
13-00468,142,D8,2013-06-21
13-00460,142,D8,2013-06-20
13-00454,142,D8,2013-06-19
13-00447,142,D8,2013-06-17
13-00442,142,D8,2013-06-17
13-00455,142,D8,2013-06-17
13-00426,142,D8,2013-06-14
13-00437,142,D8,2013-06-14
13-00429,142,D8,2013-06-13
13-00421,142,D8,2013-06-13
13-00453,142,D8,2013-06-13
13-00424,142,D8,2013-06-12
13-00422,142,D8,2013-06-12
13-00425,142,D8,2013-06-12
13-00423,142,D8,2013-06-12
13-00412,142,D8,2013-06-11
13-00416,142,D8,2013-06-11
13-00413,142,D8,2013-06-10
13-00414,142,D8,2013-06-10
13-00438,142,D8,2013-06-10
13-00399,142,D8,2013-06-10
13-00433,142,D8,2013-06-10
13-00403,142,D8,2013-06-10
13-00439,142,D8,2013-06-09
13-00398,142,D8,2013-06-08
13-00391,142,D8,2013-06-07
13-00393,142,D8,2013-06-07
13-00409,142,D8,2013-06-07
13-00406,142,D8,2013-06-07
13-00405,142,D8,2013-06-07
13-00396,142,D8,2013-06-06
13-00389,142,D8,2013-06-05
13-00385,142,D8,2013-06-05
13-00383,142,D8,2013-06-05
13-00418,142,D8,2013-06-04
13-00419,142,D8,2013-06-04
